gender,Near_Location,Partner,Promo_friends,Phone,Contract_period,Group_visits,Age,Avg_additional_charges_total,Month_to_end_contract
1,1,1,1,0,6,1,29,14.227470422861144,5.0
0,1,0,0,1,12,1,31,113.20293765105819,12.0
0,1,1,0,1,1,0,28,129.44847933200614,1.0
0,1,1,1,1,12,1,33,62.66986319123829,12.0
1,1,1,1,1,1,0,26,198.36226543903683,1.0
1,1,0,0,1,1,1,34,450.7439599104914,1.0
1,1,1,1,0,6,1,32,94.2663885148517,6.0
0,1,0,0,1,1,0,30,217.78664105008903,1.0
1,1,1,1,1,1,1,23,45.409909202997675,1.0
0,1,0,0,1,1,0,31,65.31083634086433,1.0
0,1,0,0,0,6,1,32,229.70894524511127,6.0
1,1,1,0,1,1,0,27,266.7838237446521,1.0
0,1,1,1,1,1,1,33,148.41805281528684,1.0
1,1,0,0,1,1,1,27,152.74866849929762,1.0
0,1,0,0,1,6,0,35,209.8881331905138,3.0
0,1,1,1,1,12,0,29,101.37260415417305,10.0
0,1,1,1,1,1,1,31,11.975295259522355,1.0
0,1,0,1,1,6,1,29,92.78741424476028,5.0
0,1,0,0,1,1,1,30,97.80431525583174,1.0
1,1,1,1,1,12,1,29,73.91754594762952,11.0
1,1,0,0,1,6,1,29,338.5968593027536,6.0
0,0,0,0,1,1,0,30,153.19859377822274,1.0
1,1,0,0,1,12,1,29,100.15813043665086,12.0
1,1,0,0,1,1,1,32,276.0798821905471,1.0
0,1,0,1,0,6,0,27,179.55545728024344,6.0
0,0,0,0,1,1,0,29,57.73000650327499,1.0
0,1,1,0,1,6,0,29,167.87521108842424,6.0
1,1,0,1,1,6,0,27,31.805389694141468,6.0
0,1,0,0,1,1,0,28,242.36650054262455,1.0
0,1,1,1,1,6,1,27,159.1489236862274,5.0
0,1,1,0,1,1,1,32,44.67250817468889,1.0
0,1,0,0,1,12,1,32,87.85613947441288,12.0
0,1,0,0,1,12,0,32,131.114586424149,12.0
0,1,1,1,1,12,0,29,208.9807514639272,12.0
0,1,0,0,1,6,0,26,243.51068017558129,5.0
0,1,0,0,1,12,1,33,188.59086256820493,12.0
0,1,0,0,0,1,0,34,65.74274262265584,1.0
1,1,0,0,1,1,1,32,14.254721257839961,1.0
1,1,1,1,1,12,1,25,179.03883962297508,12.0
1,1,0,1,0,6,1,35,233.2395478031676,6.0
0,1,1,1,1,12,0,33,5.135184497156928,12.0
0,1,1,1,0,1,0,25,161.60734904259368,1.0
0,1,0,0,1,12,0,36,108.90944277802252,12.0
0,1,1,1,0,1,1,30,261.7131880951677,1.0
1,1,1,0,1,12,0,29,332.48904105476436,9.0
1,1,1,0,1,6,0,29,139.34952378010922,6.0
1,1,0,0,1,1,0,26,54.18423621080765,1.0
1,1,1,1,1,6,0,33,115.09911772527741,6.0
1,1,0,1,1,1,1,25,152.95423818790002,1.0
0,1,0,0,1,6,0,27,272.99718088898123,6.0
1,1,0,0,1,1,0,33,204.2615056608934,1.0
1,0,1,0,1,1,0,29,373.066503119564,1.0
1,1,0,1,1,1,1,30,252.9156830285072,1.0
0,1,0,0,1,6,1,24,1.754737156770652,4.0
0,1,0,0,1,12,1,23,34.972072319098174,11.0
0,1,1,1,0,1,0,30,194.6691783286323,1.0
1,1,0,0,1,6,1,30,134.4978468662896,6.0
0,1,0,0,1,6,1,27,236.9158278764984,6.0
1,1,1,1,1,6,0,28,115.77487796084124,6.0
1,1,1,1,1,1,0,34,166.86275423620899,1.0
0,1,1,0,1,1,1,28,262.30956844586706,1.0
0,1,1,0,1,6,0,32,55.77441782254436,5.0
0,1,1,1,0,6,0,34,72.64111198794714,6.0
1,1,0,0,1,1,0,28,42.160809042705715,1.0
0,1,1,0,1,6,0,30,95.37852877345215,6.0
1,1,1,1,1,1,1,31,163.9731019398782,1.0
0,1,0,0,1,1,0,28,35.110895275635045,1.0
1,1,0,0,1,1,1,30,414.5433842898426,1.0
0,1,0,0,1,1,0,27,152.06524646464462,1.0
1,1,0,0,1,6,0,27,122.33561541666755,6.0
1,1,1,0,0,1,0,27,228.0719505992239,1.0
0,1,1,1,1,12,0,26,174.97805438258493,11.0
1,1,1,1,1,6,0,29,134.56411185989518,5.0
0,1,0,0,1,1,0,24,31.340568586282807,1.0
1,1,0,0,1,1,0,24,215.40890983725217,1.0
1,0,0,0,1,1,0,30,8.39841697871205,1.0
1,0,0,0,1,1,1,30,249.51308813677917,1.0
1,1,0,0,1,1,0,32,241.08037796680668,1.0
0,1,1,0,1,6,1,30,68.78617060962523,6.0
0,0,0,0,1,1,0,25,277.7136524685851,1.0
1,1,1,0,1,1,1,28,132.144631872878,1.0
1,1,1,1,1,6,1,26,73.17954865693335,6.0
0,1,0,1,1,1,0,24,83.65564541127117,1.0
1,1,0,0,1,1,0,23,27.72516717934969,1.0
0,1,1,1,1,6,1,28,287.83547410585294,5.0
1,1,1,1,1,1,0,25,34.33285789841679,1.0
1,1,1,0,1,12,1,30,251.42859359073572,11.0
0,1,0,0,1,6,0,28,32.93942560366577,6.0
0,1,0,0,1,1,0,26,123.69663367051905,1.0
1,0,1,0,1,1,0,27,22.33167910602752,1.0
1,1,1,0,1,12,1,26,28.737502094361183,10.0
1,0,0,0,0,1,0,28,168.77758597340758,1.0
0,1,1,0,1,1,0,28,340.3376306136844,1.0
0,1,1,1,1,1,0,31,6.075928811888389,1.0
0,1,0,0,1,6,1,21,232.9395501524931,5.0
1,1,0,0,1,6,0,25,101.70260431483764,5.0
1,1,1,0,1,6,0,30,179.12385201927108,6.0
1,1,1,1,1,6,1,31,23.30183743832832,6.0
1,1,0,0,1,1,0,26,125.38696288946257,1.0
1,1,0,0,1,1,0,26,31.121602708977328,1.0
1,1,0,0,1,1,1,25,51.29686857062286,1.0
0,1,0,0,1,1,0,29,83.36584987362376,1.0
0,1,1,1,1,1,0,33,16.749150128407233,1.0
0,1,1,0,1,1,0,26,146.34070104575625,1.0
0,1,0,0,1,12,0,31,29.413970136594358,12.0
1,0,0,0,1,1,1,23,181.45971578175823,1.0
1,1,0,0,1,1,0,28,241.9959185318043,1.0
0,1,1,1,1,12,1,34,114.96079547186243,9.0
0,0,0,0,1,1,1,30,167.04449971423398,1.0
0,1,1,1,1,12,1,29,59.803126535668106,12.0
0,1,0,0,1,12,1,27,234.7699295124091,11.0
1,1,0,0,0,1,1,25,251.4583500319224,1.0
0,1,1,1,1,6,0,29,88.90794258372078,6.0
1,1,1,1,1,12,1,29,205.4779368486628,12.0
0,1,1,1,1,12,1,32,258.6483831413877,12.0
1,1,1,0,1,1,0,31,191.38688101892743,1.0
1,1,1,1,1,6,0,33,131.59350534816556,4.0
0,0,0,0,1,1,0,23,59.16390792720026,1.0
1,0,0,0,1,1,0,32,301.6247074768349,1.0
0,1,0,0,1,1,0,30,114.79801858351584,1.0
1,0,1,0,1,1,0,31,235.0992659938536,1.0
0,1,1,1,1,1,0,25,254.79803358463138,1.0
1,1,0,0,1,12,1,32,231.3415397907338,10.0
0,0,0,0,1,6,0,29,138.79924403742478,6.0
1,0,1,0,1,1,1,28,162.55456456434447,1.0
1,1,0,0,1,1,1,34,7.540132676980518,1.0
1,0,1,0,1,1,0,33,85.16550229006472,1.0
0,0,0,0,0,1,0,25,59.880380930851686,1.0
1,0,1,0,1,6,0,29,291.7312753504424,5.0
0,1,0,0,1,12,1,28,5.865051308080439,9.0
1,1,1,1,1,12,0,28,243.8207002866404,12.0
1,1,1,1,0,1,0,32,161.47406989868878,1.0
0,1,0,0,1,6,0,34,184.6931236973552,6.0
0,1,0,0,1,6,1,27,227.86063342991784,6.0
1,1,0,0,0,1,0,26,73.70488062420708,1.0
1,0,0,0,1,1,0,33,262.71747286475966,1.0
1,1,0,0,1,1,0,32,96.91721282537708,1.0
0,1,0,0,1,1,0,28,226.23141041910444,1.0
0,1,1,1,1,12,0,29,10.804310442202306,12.0
1,1,1,1,1,12,1,35,161.989847247568,12.0
0,1,0,0,1,1,0,25,322.65654787308245,1.0
1,1,0,0,1,6,1,30,172.19943740262332,6.0
1,0,1,0,0,12,0,29,89.65779449812035,12.0
1,1,1,0,1,12,1,37,194.23515075203582,12.0
1,1,0,0,1,1,0,36,79.29361848882044,1.0
0,0,1,0,1,1,0,22,66.70614985018169,1.0
1,1,0,0,1,1,0,32,154.3411191967422,1.0
1,0,0,0,1,6,0,32,264.7647420446215,6.0
0,0,1,0,1,6,0,30,208.80618511574767,6.0
1,1,1,1,1,1,1,29,175.52462363115475,1.0
0,1,1,1,1,12,0,30,157.44673126842932,11.0
1,1,0,0,1,12,0,28,416.7071747042405,7.0
1,1,1,1,1,12,1,32,207.524673359496,9.0
1,1,0,0,1,1,0,31,329.54612276586613,1.0
0,1,1,1,0,1,1,26,142.5417175113823,1.0
1,1,0,0,1,12,1,30,77.06225564547923,11.0
0,1,1,1,1,6,0,26,54.69421089191693,6.0
1,1,1,1,1,12,1,26,9.423026461182415,7.0
0,1,0,0,1,1,0,29,34.99031404544924,1.0
1,1,1,0,1,1,1,30,255.54778169154147,1.0
1,0,0,0,1,1,0,22,214.41867366149242,1.0
0,1,1,1,1,1,0,23,174.8732368744856,1.0
1,0,0,0,1,1,0,31,104.68044618332502,1.0
1,1,0,0,1,1,1,32,72.80895435796623,1.0
0,1,1,1,1,6,0,34,75.04623523493058,5.0
1,1,0,1,1,1,1,31,122.05642080994387,1.0
0,1,0,0,1,6,0,29,143.13548853575756,5.0
1,1,1,1,1,1,1,27,229.4853857224899,1.0
1,1,1,0,0,1,0,26,24.50648027433324,1.0
1,1,0,0,1,1,0,29,285.17118890712527,1.0
0,1,1,0,1,1,1,29,299.26475178182426,1.0
1,1,0,1,1,12,1,29,149.51840020494063,8.0
1,1,0,0,1,1,0,35,126.58892173093165,1.0
0,1,0,0,1,1,1,29,170.71720745157273,1.0
0,1,0,0,1,1,0,27,243.44782695321555,1.0
1,1,1,1,1,12,1,30,60.24556867198161,12.0
0,1,1,1,1,12,0,31,327.58812027967014,7.0
1,1,0,1,1,1,1,27,118.34535811686888,1.0
1,1,0,1,1,1,1,29,95.66155841984995,1.0
1,1,0,0,1,1,0,31,83.26797896668923,1.0
0,1,1,0,1,12,0,30,357.0469424513923,11.0
0,1,0,0,1,1,0,33,32.28790186479418,1.0
0,0,0,0,1,1,0,28,56.183114648977785,1.0
1,1,0,0,1,1,0,33,68.50358197916258,1.0
0,0,0,0,1,1,0,30,218.89311599494246,1.0
1,0,1,0,1,12,1,29,73.06104519177603,8.0
1,1,0,0,1,1,0,32,39.93783767837607,1.0
0,1,1,1,1,6,1,27,292.22860911894236,4.0
0,1,0,0,0,12,0,27,327.35373070151667,12.0
0,1,0,0,1,1,0,30,186.37195901184222,1.0
0,1,0,0,1,1,0,29,121.46156881946504,1.0
0,1,1,0,1,1,0,26,231.16588854529374,1.0
1,1,1,0,1,12,0,30,174.43058712331646,11.0
0,0,1,0,0,6,0,33,53.124270062825616,5.0
1,0,1,1,1,12,0,29,171.72584607432987,12.0
0,1,0,0,0,1,0,29,241.7016740555345,1.0
1,1,1,1,1,12,1,33,235.6397654490464,9.0
1,1,0,0,1,1,0,27,184.1724486788892,1.0
0,1,1,1,1,12,1,27,111.26584600918886,12.0
0,1,0,0,1,1,0,32,230.0573528337177,1.0
0,1,1,0,1,1,0,34,46.49219971093142,1.0
1,1,0,0,1,1,0,25,153.14317819578702,1.0
1,1,1,0,1,6,0,30,53.38598407052636,6.0
0,1,1,1,1,12,1,31,186.37316604299045,12.0
1,1,1,1,1,6,0,32,50.69298489717524,6.0
0,1,1,0,0,12,1,29,271.30395924962664,11.0
0,1,1,0,0,6,1,29,141.13879614444704,3.0
1,1,1,0,1,1,0,31,180.13137194111198,1.0
1,1,0,0,1,1,0,23,131.1115714669628,1.0
0,1,0,0,0,1,0,32,186.58564433799918,1.0
0,0,0,0,1,1,0,26,7.159988650331982,1.0
1,1,0,0,1,1,1,25,139.98469206376043,1.0
0,1,0,0,1,12,0,31,318.5367588526888,11.0
0,1,1,0,1,12,0,31,279.5139878153244,12.0
0,1,1,0,1,1,0,25,111.95379416730324,1.0
1,1,0,0,1,6,1,27,268.11727203630886,6.0
0,1,1,1,1,12,0,30,109.0796443434009,12.0
1,1,0,0,1,12,0,31,252.64357646352056,8.0
1,1,0,0,1,1,0,34,247.79181725408387,1.0
1,0,1,1,1,1,0,24,277.0356467212181,1.0
1,1,1,1,1,1,0,31,259.2449021059656,1.0
1,1,0,0,1,1,1,27,33.34895705215342,1.0
0,1,0,0,1,1,0,25,111.84578933272041,1.0
0,1,1,1,1,12,1,31,191.1440194124347,7.0
1,1,1,0,1,1,1,34,190.7505073605873,1.0
1,1,0,0,0,1,0,33,32.556886044222864,1.0
1,1,1,0,1,1,1,32,207.16620910982846,1.0
0,0,0,0,1,1,0,30,82.25533188214428,1.0
1,1,0,0,1,1,0,23,48.93800229645518,1.0
1,1,0,0,1,1,0,36,146.1815570652607,1.0
0,1,0,0,1,6,0,33,27.91190796574705,6.0
0,1,1,1,1,1,0,21,41.07207142384463,1.0
0,1,0,0,1,1,0,26,217.2981721426605,1.0
1,1,1,0,1,12,0,29,87.5214008607283,11.0
0,1,0,1,1,1,1,36,103.17368375861952,1.0
0,1,0,0,1,12,0,30,291.2141628160044,11.0
1,1,1,1,1,6,1,32,296.026016900965,6.0
0,1,0,0,1,6,1,27,196.68546126591409,6.0
0,1,1,0,1,1,0,30,44.27186794015736,1.0
1,1,1,1,1,12,0,31,14.899913231023532,12.0
1,0,1,0,0,1,1,28,22.271532347506035,1.0
0,0,0,0,1,1,0,27,185.21088525003785,1.0
0,1,0,0,1,12,1,30,85.5813918686716,9.0
0,1,1,1,1,12,0,26,215.47657592028577,9.0
1,1,0,0,1,1,1,28,79.53083110617769,1.0
0,1,1,0,1,12,0,26,132.33955360332587,12.0
0,1,1,1,1,1,0,30,95.80402094487127,1.0
0,0,0,0,1,1,0,26,119.33992739748207,1.0
1,0,1,0,1,6,0,30,67.21429781687213,6.0
0,1,0,0,1,1,0,32,166.00411591408908,1.0
0,1,0,0,0,12,1,32,27.65726189361179,8.0
0,1,0,1,1,6,0,34,111.64396401074532,6.0
0,1,0,0,1,1,0,32,158.36547436032552,1.0
0,1,0,0,1,1,1,37,61.26257392544929,1.0
1,0,0,1,1,6,1,27,268.4628026961343,6.0
0,1,0,0,1,1,0,31,19.295875208891967,1.0
1,1,1,0,1,6,0,33,264.0094278422361,6.0
1,1,0,0,1,1,1,32,28.94454578043405,1.0
0,1,1,0,1,1,0,29,172.37381424309916,1.0
1,1,1,1,1,6,1,30,9.79178191412946,6.0
1,0,0,0,1,1,0,30,74.9221835066849,1.0
0,1,0,0,1,1,1,28,178.8156290810931,1.0
0,1,0,0,1,1,0,31,321.2138581463253,1.0
1,1,1,1,1,1,1,29,411.7113085850302,1.0
1,1,0,0,0,6,0,37,362.6004771822383,6.0
1,1,0,0,1,12,0,27,212.1872030601553,10.0
0,0,0,0,1,1,0,32,8.00073629625308,1.0
1,1,1,0,0,1,1,27,87.369072783395,1.0
0,1,0,0,1,1,1,30,87.42897102196278,1.0
0,1,1,0,1,12,1,31,163.26080481750802,10.0
0,1,1,1,0,1,0,31,4.791323833846533,1.0
1,1,1,0,1,1,1,33,22.63539513639585,1.0
1,0,0,0,1,1,0,29,107.68223624663277,1.0
0,1,1,1,1,12,1,28,113.29911571946798,12.0
0,1,1,1,1,12,1,30,131.6627022446107,9.0
1,0,1,0,1,1,0,36,304.3332705945562,1.0
0,1,0,0,1,12,0,30,165.97774217280755,12.0
0,1,1,1,1,12,1,35,302.878534738432,9.0
1,1,1,0,1,1,0,31,125.6193596954305,1.0
0,1,1,0,1,12,1,29,42.24532509765183,12.0
1,1,0,0,1,1,0,25,294.95448051607366,1.0
0,1,0,0,1,6,0,29,61.658825727238906,6.0
1,1,0,0,0,1,0,24,43.79864280702118,1.0
1,0,0,0,1,1,0,30,300.329873368941,1.0
1,1,1,1,0,6,1,30,378.6654363508136,6.0
0,1,0,0,1,1,0,28,60.42205160338389,1.0
0,1,1,1,1,1,0,33,208.2639472715427,1.0
0,1,1,1,1,12,0,27,175.8822373865701,6.0
1,1,0,0,1,1,1,28,169.0003691632586,1.0
0,0,0,0,1,1,0,30,353.89483221304164,1.0
0,1,0,0,1,1,0,30,33.64768713417806,1.0
1,1,0,0,1,6,0,24,233.821819461228,6.0
1,1,0,1,1,12,1,28,42.11737765085556,11.0
0,1,0,0,1,1,0,31,104.91704106895702,1.0
0,1,0,1,0,1,1,28,249.44664944128928,1.0
0,0,0,0,1,1,0,31,103.52946486576971,1.0
1,1,1,0,1,1,0,30,127.87906257455444,1.0
0,0,1,0,1,12,1,31,26.64347602796116,9.0
1,1,0,0,1,1,0,28,309.4325947999045,1.0
1,1,1,0,1,12,0,24,70.67150093064276,12.0
0,1,1,0,1,1,0,31,118.70970896052592,1.0
0,1,1,0,1,1,1,33,127.32609433383236,1.0
1,1,0,0,1,1,1,34,123.63534886016492,1.0
0,1,1,1,1,1,1,25,5.764080608692979,1.0
1,1,0,1,1,1,0,33,31.449560104543906,1.0
1,1,1,1,0,6,0,28,228.09893908574256,6.0
0,1,0,0,1,12,1,32,130.98141748474984,11.0
1,1,0,0,1,1,1,30,104.26830958825241,1.0
1,0,1,0,1,6,0,29,109.9986514124416,6.0
1,1,1,0,1,6,0,33,76.695751402237,4.0
0,1,1,0,1,6,1,29,208.41746374923835,5.0
1,1,1,1,1,12,1,32,73.31758254405936,12.0
1,1,1,1,1,12,0,30,209.2103335070749,11.0
1,1,1,0,1,1,1,26,300.92798748069765,1.0
0,1,1,0,1,1,0,27,372.1845733937842,1.0
1,1,1,1,1,12,0,35,211.43014185933646,12.0
1,1,1,1,1,1,0,23,191.81806276748054,1.0
0,1,0,0,1,1,0,28,109.4925236483258,1.0
0,1,1,1,1,12,1,34,169.3236577161879,12.0
1,1,1,1,1,1,1,33,328.69097743983133,1.0
0,1,0,0,1,6,1,35,44.286882256923285,6.0
1,1,0,0,0,1,0,27,56.1786138497775,1.0
0,1,1,0,1,1,0,25,49.278551350296574,1.0
1,1,1,1,1,1,1,30,94.79606251386365,1.0
1,0,0,1,1,1,0,30,301.2333990353955,1.0
0,1,1,1,1,6,0,30,26.05853557594857,6.0
1,0,0,0,1,1,0,27,225.32940058803692,1.0
1,1,0,0,1,1,1,30,30.37275543664572,1.0
0,0,0,0,0,1,0,25,24.76110956198493,1.0
1,1,0,0,1,1,1,27,133.57018003003952,1.0
0,1,0,0,1,1,0,24,53.78760781677702,1.0
0,1,1,0,0,12,0,32,182.54869997348686,12.0
0,1,1,0,1,1,0,32,211.8141698710406,1.0
0,0,1,0,1,12,0,33,19.65945958701809,12.0
0,1,0,0,1,1,0,25,70.56509891958883,1.0
0,1,1,0,1,1,0,27,47.06427625180362,1.0
0,0,1,0,1,6,1,30,308.96204307704687,3.0
1,1,1,1,1,12,1,32,59.917857455895074,11.0
0,1,0,0,1,1,0,25,22.483668755772648,1.0
1,1,1,1,1,6,1,33,211.36241304310138,6.0
1,1,0,0,0,6,1,29,116.34512473349156,6.0
1,1,1,0,1,12,1,31,40.39625201718745,12.0
1,1,0,0,1,1,0,26,154.79277827257084,1.0
0,1,1,1,1,6,1,30,31.055816795371342,6.0
0,1,0,0,1,1,0,21,215.3961708621793,1.0
1,1,1,0,1,1,0,28,118.6067922829257,1.0
0,1,1,1,1,12,1,33,64.82988507036485,11.0
0,0,1,0,1,6,0,33,42.8904331572821,6.0
0,0,0,0,1,1,0,28,94.935375360385,1.0
1,0,0,0,0,1,0,30,89.09440024482761,1.0
1,1,1,0,1,1,1,32,202.8418540441845,1.0
1,1,0,0,1,6,1,31,34.699763494685484,6.0
1,0,0,0,1,1,1,28,209.3388491812627,1.0
0,1,1,0,1,1,0,29,81.20430397426577,1.0
0,1,1,1,1,6,0,31,221.68974227943696,6.0
0,1,1,1,1,1,1,30,83.80905576600622,1.0
0,1,0,1,1,1,1,24,29.74604343965725,1.0
1,1,0,0,1,1,0,31,92.68242236111273,1.0
0,1,0,0,1,1,0,27,179.62254946093648,1.0
0,1,0,0,1,12,1,25,148.76187874733117,12.0
0,1,0,0,1,6,1,33,196.23040389874083,5.0
1,1,1,1,1,6,0,29,75.77134294547776,6.0
0,1,0,0,1,12,0,31,73.66291261257362,11.0
1,1,1,0,1,12,1,28,401.72108163790887,12.0
1,1,1,1,1,12,0,30,126.73778542627744,11.0
1,1,1,1,1,6,0,25,47.51086882235995,6.0
1,1,1,1,1,6,0,23,104.6008322428951,5.0
1,1,1,0,1,1,0,33,208.24959040053088,1.0
0,1,0,0,1,12,0,31,60.51661086947127,12.0
1,1,0,0,1,12,1,34,198.96034793943332,9.0
1,1,1,1,0,1,0,30,167.8809021890936,1.0
0,1,0,0,1,1,0,25,118.0202886488705,1.0
0,1,1,1,1,1,0,27,263.8289611621347,1.0
1,1,1,1,0,1,1,28,108.28822359429323,1.0
1,1,0,0,1,1,0,31,145.67959907125402,1.0
1,1,1,0,1,6,1,32,274.7544395484131,6.0
0,1,0,0,1,1,1,19,162.87335365115175,1.0
0,1,0,0,1,6,0,30,121.41890864247213,6.0
1,1,1,1,1,12,0,25,241.61384109088826,12.0
1,1,1,1,1,1,1,31,151.72812771471737,1.0
1,1,1,1,0,1,1,34,185.14763266389855,1.0
1,1,1,1,1,12,0,24,97.02752669392471,12.0
1,1,0,0,0,6,0,33,48.88063316697397,6.0
1,1,1,1,1,12,0,34,223.22773839508488,12.0
1,1,1,0,1,12,1,30,236.5476458403929,12.0
1,1,0,1,1,1,0,33,209.54282357710758,1.0
0,1,1,0,1,12,0,32,329.7602838003287,12.0
0,1,1,1,1,6,1,34,65.20210679756127,6.0
1,1,1,1,1,12,1,32,205.01332765872868,12.0
1,1,1,1,1,6,1,28,88.78694416128735,5.0
0,1,1,0,1,1,0,24,99.94346544313056,1.0
1,1,1,1,1,1,0,28,14.92449090026227,1.0
0,1,1,0,0,12,1,22,190.5337917671884,9.0
0,1,0,1,1,1,0,27,96.15382591257894,1.0
1,1,1,1,1,6,0,24,61.69577245413643,6.0
0,1,1,1,1,12,1,29,171.0112303692203,12.0
1,1,0,1,1,6,1,31,271.1088950317004,5.0
1,1,1,1,1,12,1,32,49.91247486350488,10.0
1,1,0,0,1,6,1,25,76.45255869642811,6.0
1,1,1,0,1,6,0,28,145.72695493646592,6.0
1,1,0,0,1,12,0,27,220.91924673876682,11.0
0,0,1,0,1,1,1,29,176.89470961372035,1.0
1,1,1,0,0,1,1,35,30.631644881328373,1.0
0,1,1,1,1,1,0,32,33.01342540676184,1.0
1,1,1,1,1,1,0,29,178.83482459063717,1.0
1,1,1,0,1,12,1,29,411.2434648388392,11.0
1,1,1,0,1,12,1,24,246.4266792923053,7.0
1,1,0,0,1,6,0,30,331.1810047587449,6.0
0,1,0,0,1,6,1,29,7.728112614940784,6.0
0,0,1,0,1,1,0,22,22.12369540101716,1.0
0,1,0,0,1,12,0,35,204.91105811653188,12.0
0,1,0,0,1,1,0,27,239.01883485936287,1.0
0,1,0,0,1,12,1,30,195.43261996655656,12.0
1,1,0,0,1,6,0,31,154.2929630970706,6.0
0,1,1,1,1,12,0,32,185.85289320242543,6.0
1,1,1,1,1,12,1,24,225.38947395892288,12.0
0,1,1,1,1,12,1,32,389.3748946998128,12.0
0,1,1,1,1,1,1,28,172.6354349846669,1.0
1,1,0,0,1,1,0,32,257.3665206350924,1.0
0,1,1,0,1,6,1,27,279.6888597478946,5.0
0,1,0,1,1,1,1,24,65.82524598034601,1.0
1,1,1,1,0,12,0,27,197.5880401349397,12.0
0,1,0,1,1,1,0,32,129.4322773197114,1.0
0,1,0,0,1,6,0,31,144.69053242240662,5.0
1,1,0,0,1,1,0,29,100.86158120085035,1.0
0,1,0,0,0,1,0,28,143.69588818358375,1.0
0,0,0,0,1,1,0,22,165.2981709484678,1.0
1,1,0,0,1,1,0,33,209.9889543581675,1.0
1,1,0,0,1,1,1,29,38.38471552065799,1.0
1,0,0,0,1,1,0,31,12.146273821023117,1.0
0,1,0,0,0,12,0,31,276.253985110879,9.0
1,1,1,1,1,6,0,25,320.3253834993108,6.0
0,1,0,0,1,1,0,32,15.7904713206799,1.0
0,1,1,1,1,12,1,27,148.0528286993884,9.0
0,1,1,1,1,1,1,24,132.3456694795097,1.0
1,0,1,0,1,1,0,32,157.34053875806228,1.0
1,1,0,0,1,6,0,28,0.4340871188524461,6.0
1,1,1,0,0,1,1,28,166.8162897230476,1.0
1,1,1,1,1,1,0,35,114.21021927529844,1.0
0,0,1,1,1,1,0,33,17.867481013521505,1.0
1,1,0,0,1,1,0,27,106.92192797972086,1.0
1,1,1,1,1,1,1,23,92.61433804487112,1.0
0,1,0,0,1,6,0,30,113.12767610499156,5.0
1,1,0,0,0,1,1,31,103.2743596881186,1.0
0,1,1,1,1,6,1,33,126.26341337702615,5.0
1,1,0,0,1,1,1,30,43.91593539797858,1.0
1,1,1,0,1,12,0,31,13.479437643464479,7.0
1,1,0,0,1,12,0,29,53.83386289557243,11.0
1,1,0,0,1,6,1,31,165.51471484004566,6.0
1,1,1,1,1,1,1,26,247.7465935470901,1.0
1,1,1,0,1,6,0,27,63.780804955952505,6.0
0,1,1,0,1,6,1,34,61.726778151328155,5.0
1,1,0,1,1,1,1,27,81.8440498585637,1.0
0,0,1,0,1,1,1,32,13.105705833685574,1.0
0,1,1,0,1,12,1,24,202.93318174405292,12.0
1,1,1,1,1,6,1,31,124.3214760763662,6.0
1,1,1,1,1,12,1,29,44.36622144243327,10.0
0,1,0,0,1,1,1,33,89.52712690719872,1.0
0,0,0,0,1,1,0,27,45.921371486443356,1.0
1,1,0,0,1,1,0,31,13.957451491443095,1.0
0,1,0,0,0,6,0,31,26.857082657979944,6.0
1,1,0,0,1,12,1,30,185.4852607368476,12.0
1,1,1,1,1,12,0,31,257.90740421077544,8.0
0,1,1,1,1,12,1,33,51.89794008366663,12.0
0,1,1,0,0,6,1,30,118.69924604499602,6.0
0,1,1,1,1,1,0,30,45.95907957477971,1.0
1,0,0,0,1,1,0,29,183.5302597110648,1.0
1,1,1,1,1,12,0,27,152.7697924693581,11.0
1,1,0,1,0,6,1,32,150.3640478291993,3.0
1,1,0,0,1,1,0,32,261.92302889580867,1.0
1,1,1,0,1,12,0,33,384.6065486110849,12.0
0,1,0,0,1,1,1,24,18.705186956484308,1.0
1,1,0,0,0,12,1,28,369.1316265019199,12.0
1,1,0,0,1,1,1,28,17.100537871256563,1.0
0,1,1,1,0,1,0,29,226.16019771976872,1.0
1,0,1,0,1,6,0,27,148.6901643635804,5.0
0,1,1,0,1,6,0,30,92.025680895226,6.0
0,1,1,1,1,1,0,27,147.09410650869341,1.0
0,1,0,0,1,1,1,28,65.93002818229921,1.0
1,1,0,1,1,1,1,30,132.3067807372397,1.0
0,0,1,1,1,12,0,30,25.546786355178284,12.0
0,1,0,0,1,12,0,27,153.68460387362552,9.0
1,1,0,0,1,1,0,32,120.49178279415341,1.0
0,1,0,0,1,1,0,28,455.17322537635283,1.0
1,1,1,1,1,1,0,26,145.05290801158662,1.0
0,1,1,1,0,1,1,28,152.93069969851436,1.0
0,1,1,1,1,1,0,28,159.25357169001097,1.0
1,1,1,0,1,12,1,34,153.79869535835502,12.0
0,1,1,0,1,12,0,32,29.308459284738746,10.0
1,1,0,0,1,1,1,28,182.25119566168166,1.0
1,1,0,0,0,1,0,30,257.9154473055558,1.0
0,1,1,1,1,12,1,35,261.87547738149163,12.0
1,1,1,0,1,1,0,30,149.79085970430452,1.0
1,1,1,1,1,12,0,31,23.89303825694245,7.0
1,1,0,0,1,6,1,33,40.008250217354494,6.0
1,1,1,0,1,1,0,27,20.1207124209958,1.0
0,1,0,0,1,1,1,25,209.085262301992,1.0
1,0,1,0,1,1,0,34,98.41828194852472,1.0
0,1,1,0,1,12,1,31,44.21156334269697,11.0
1,1,0,0,1,6,0,27,50.02462888290405,6.0
1,1,0,0,1,6,1,32,181.53372447544731,6.0
1,1,1,1,1,6,1,28,311.84463570735056,6.0
0,1,0,0,1,1,0,24,140.12753386679398,1.0
1,0,1,0,1,1,0,30,117.49205204716299,1.0
0,1,0,0,1,6,0,29,175.18196694176956,5.0
0,0,1,0,1,1,0,31,89.53706164603625,1.0
0,1,1,1,1,1,1,34,40.92645527181149,1.0
0,0,0,0,1,1,0,32,329.32487074299604,1.0
0,1,0,0,1,1,1,27,126.4448829509528,1.0
0,1,1,0,1,6,1,31,159.62283673054998,6.0
0,1,1,0,1,12,0,28,160.80227941855563,9.0
1,1,0,0,1,12,0,30,40.56140610026554,12.0
0,0,0,0,1,6,1,29,147.89097396334822,6.0
0,1,0,0,0,12,0,29,193.22458244891268,12.0
1,1,0,0,1,1,0,33,128.7997304315177,1.0
0,1,0,0,1,6,1,27,143.74639032644194,6.0
1,1,0,0,1,6,0,31,167.300527959547,6.0
1,1,0,0,1,1,0,25,79.194168262276,1.0
0,1,1,1,1,1,0,28,34.672963274148,1.0
0,1,1,1,1,6,0,25,156.5842158891444,6.0
0,1,0,0,1,1,0,27,115.80088265036831,1.0
1,1,0,0,1,1,0,26,164.0971687621719,1.0
1,0,0,0,1,12,0,30,98.93377584614878,11.0
0,1,0,0,1,1,1,33,187.07589277837639,1.0
0,0,0,0,1,1,0,27,101.23116510035663,1.0
1,1,1,1,1,1,0,32,51.576585480532245,1.0
0,1,0,0,1,1,1,28,89.2262372962052,1.0
1,1,0,0,1,1,1,25,41.607767773994865,1.0
1,1,1,1,1,12,0,29,205.98529439440202,12.0
1,1,0,1,1,1,1,28,133.3190627011547,1.0
0,0,1,0,1,1,0,25,230.1676463294368,1.0
0,1,1,0,1,1,0,26,210.06113437303418,1.0
1,1,0,1,1,6,0,27,89.59568360998544,6.0
1,1,1,1,1,12,0,30,184.2277468021257,12.0
1,1,1,1,1,6,0,27,4.441153749483568,6.0
1,1,0,0,1,6,0,26,157.48916119076657,6.0
1,1,1,1,1,12,1,28,96.10546381943527,12.0
1,1,1,1,1,6,0,27,124.28973204922536,5.0
1,1,1,0,1,12,1,26,169.93331653447044,12.0
0,0,0,0,1,6,1,32,150.81280902257126,6.0
1,1,0,0,1,12,1,27,176.19584154812839,12.0
0,1,1,0,1,6,0,28,100.8154474215021,6.0
0,1,1,1,1,12,0,29,174.89004397221638,12.0
1,1,0,0,1,1,0,30,13.37447848404922,1.0
1,1,0,0,1,1,1,35,164.4668461950556,1.0
1,1,1,0,1,1,0,27,155.7219615127469,1.0
0,1,1,1,0,12,1,27,73.76776298570985,12.0
0,1,0,0,1,1,0,28,246.49808353969001,1.0
1,1,0,0,1,1,0,29,164.97010454678997,1.0
0,1,1,0,1,12,0,30,100.78718167984863,2.0
1,1,1,1,1,12,1,27,305.4156023174984,12.0
1,1,0,0,1,1,1,25,188.08137918542343,1.0
0,1,1,1,1,1,1,26,47.88344717071824,1.0
1,0,0,0,1,1,0,26,136.69025980947833,1.0
0,1,0,0,1,1,1,29,154.93646554913738,1.0
1,1,0,0,1,6,1,37,205.6317507422044,5.0
0,1,1,0,1,1,1,31,142.2705781655385,1.0
1,0,0,0,1,1,0,28,56.823615287203424,1.0
0,1,1,0,1,1,0,30,12.507381734421164,1.0
1,1,0,0,1,1,0,33,143.29041000576166,1.0
1,1,0,0,1,1,0,29,249.58222417759785,1.0
1,1,0,0,1,1,0,32,230.77080716892502,1.0
1,1,1,0,0,1,0,29,1.7676540990848082,1.0
0,1,1,1,1,6,0,31,144.82199315812056,6.0
1,1,1,0,1,1,0,24,8.589786393163562,1.0
0,1,1,0,1,12,1,30,110.76671569561415,12.0
1,1,1,1,1,1,0,30,164.1453062156044,1.0
1,1,0,0,1,1,0,33,160.0564055282076,1.0
1,0,0,0,1,6,1,30,176.74025965981343,5.0
0,1,0,0,1,6,0,31,226.26363214079743,6.0
0,1,0,0,1,1,0,29,11.70513852163944,1.0
1,1,0,0,1,1,0,33,37.83689018898726,1.0
1,1,1,0,1,12,0,32,139.8009395134986,12.0
1,1,0,0,1,1,0,28,265.68202331436567,1.0
0,1,0,0,1,1,1,36,347.17776197883745,1.0
0,1,1,0,1,1,1,30,234.93065672083097,1.0
0,1,0,0,1,1,1,31,151.13081781868527,1.0
0,1,0,0,1,1,0,32,49.62812067439511,1.0
1,1,1,1,0,6,1,32,69.49010100713531,5.0
1,1,0,0,1,1,0,30,115.13026809051144,1.0
1,1,0,0,1,1,1,28,86.51448971003259,1.0
1,1,0,0,1,1,0,32,194.5799728501643,1.0
1,0,1,1,1,6,0,31,4.596832680778192,5.0
0,1,1,0,1,12,0,35,101.42650543789676,11.0
0,1,1,1,1,12,1,33,132.7898996701997,11.0
0,0,0,0,0,12,0,29,181.10997605886428,11.0
1,1,1,0,1,1,0,26,50.629126924833095,1.0
0,1,0,0,1,1,0,29,89.22618365195898,1.0
1,1,0,0,0,1,0,30,314.0111374683157,1.0
1,1,0,0,1,1,0,32,137.8402323110118,1.0
0,1,0,0,1,1,1,26,115.21511192457191,1.0
1,0,1,0,1,12,1,27,206.47969158403717,12.0
1,0,1,0,0,1,1,28,213.4818374315373,1.0
0,1,0,0,1,6,1,31,90.56782224393177,6.0
0,1,1,1,1,12,0,29,201.51919826838287,11.0
0,0,1,0,1,1,0,30,55.17748573787463,1.0
1,1,0,0,1,6,1,28,176.98367874567487,6.0
1,0,1,0,0,1,0,31,99.650031957916,1.0
0,1,0,0,1,1,1,30,223.4321608636536,1.0
1,1,1,1,1,1,0,30,171.3715874036377,1.0
1,1,0,0,0,1,1,29,49.92619769750689,1.0
0,1,1,1,1,1,0,25,41.37666628689307,1.0
1,1,0,0,1,6,0,26,128.95598022357177,6.0
0,1,1,1,1,12,1,27,107.36167718802298,11.0
0,1,1,1,1,12,0,33,209.586262826264,4.0
0,1,0,0,1,1,0,28,221.66353953265246,1.0
0,1,0,0,1,1,0,23,108.91900146135453,1.0
1,1,1,0,1,12,1,31,199.3118396210017,9.0
0,0,1,0,1,1,0,27,61.634682802060716,1.0
1,1,0,0,1,1,0,26,90.23184976967512,1.0
1,1,1,1,1,6,1,31,85.67188747728186,6.0
1,1,0,0,1,1,0,29,90.75213271520417,1.0
1,1,0,0,1,1,1,26,6.501307219115383,1.0
1,0,0,0,1,1,0,27,145.5909591677639,1.0
1,0,1,0,1,1,1,30,185.3448225500459,1.0
1,1,1,1,0,6,0,37,297.668013660822,6.0
1,1,1,1,1,12,0,33,172.7967813835641,10.0
1,1,0,0,1,1,1,26,222.291129488288,1.0
0,1,1,0,1,1,1,27,22.003879829883843,1.0
1,1,0,0,1,1,0,28,37.89273246980474,1.0
1,1,0,0,1,6,0,21,103.49669127175184,4.0
1,1,1,1,1,12,0,32,175.85050096709577,12.0
1,1,0,1,1,1,0,28,182.84417859983608,1.0
0,1,0,0,1,1,0,28,185.44328441548816,1.0
1,1,0,1,1,1,1,28,67.03548209581632,1.0
0,1,0,0,0,1,0,26,70.01014389183614,1.0
0,1,1,0,1,12,1,33,236.6661017522836,8.0
0,1,0,0,1,1,1,33,149.99526069491017,1.0
0,1,1,1,1,1,1,22,227.3578352043616,1.0
1,1,1,1,1,1,0,33,286.6569804994007,1.0
1,1,1,0,1,6,0,24,117.1819370105985,6.0
0,1,0,0,1,1,0,32,178.32457623433967,1.0
1,1,1,0,1,1,0,30,20.104536205532526,1.0
1,1,1,0,1,6,1,31,97.67744525363173,3.0
1,1,1,1,1,12,1,30,176.93182107957887,8.0
1,1,0,0,1,1,0,24,56.521768622486704,1.0
0,1,0,0,1,12,0,34,45.30604136707112,12.0
0,1,1,1,1,1,0,31,40.77010576445803,1.0
1,1,0,0,1,12,0,31,102.20121446556587,11.0
0,1,1,1,1,12,0,26,67.41531683136465,10.0
0,1,0,0,1,1,0,29,314.77312204869384,1.0
1,1,0,1,1,1,0,25,89.49844482068278,1.0
1,1,0,0,0,6,1,29,90.93717436641347,6.0
0,1,1,0,0,12,1,29,76.98980399681413,12.0
1,1,1,0,1,1,0,30,282.3993094501442,1.0
1,1,0,0,1,6,1,28,60.82184537112102,5.0
1,1,0,0,1,6,0,30,306.336282487623,4.0
0,1,0,0,1,1,0,32,123.55131858462364,1.0
0,1,0,1,1,1,1,26,160.65567644840962,1.0
0,1,1,1,0,6,0,23,98.45743537877766,6.0
1,1,1,1,1,6,1,35,157.27722205736185,6.0
1,1,1,0,1,1,1,31,122.97989379599308,1.0
1,1,1,0,1,1,0,30,96.58272589253264,1.0
1,1,0,0,1,6,0,28,264.8428070832699,6.0
0,1,1,1,1,12,0,30,260.12249843165125,12.0
0,1,0,0,1,12,1,32,146.27192692120812,4.0
0,1,1,1,1,6,1,29,87.46739326688527,6.0
0,1,0,0,1,1,0,29,24.81256248331232,1.0
0,1,0,0,1,1,0,35,2.6035773226769123,1.0
1,1,1,1,1,6,0,29,105.49415955961919,6.0
0,1,0,0,1,1,1,29,85.59949627233134,1.0
1,1,0,0,1,12,0,31,98.74398741921766,12.0
1,1,0,0,1,1,0,24,121.74294102393112,1.0
0,1,0,0,1,1,1,29,221.12207552701958,1.0
0,1,0,0,1,1,0,29,23.033878116390753,1.0
0,0,1,0,0,12,0,26,121.18150202969036,12.0
1,1,0,0,0,12,1,26,122.955748575355,12.0
1,1,1,0,1,1,1,34,325.9932014842458,1.0
0,0,0,0,1,1,1,27,48.08795386623237,1.0
1,1,1,1,1,1,1,29,54.99155190262778,1.0
1,1,1,1,1,6,1,28,270.3999201465789,6.0
1,1,0,0,0,1,0,32,166.1531216426614,1.0
1,1,0,0,1,1,1,34,73.4815509080304,1.0
0,1,0,0,1,1,0,27,100.53653357713706,1.0
0,1,0,0,1,1,0,26,134.17369455411065,1.0
1,0,1,0,1,12,0,31,105.145601883579,11.0
1,1,0,0,1,1,0,25,16.942102977533626,1.0
1,1,0,0,1,1,0,26,49.31143803096592,1.0
1,1,0,1,1,1,0,25,167.65130845742408,1.0
1,1,1,1,1,12,1,33,243.44922539220684,12.0
0,1,1,0,1,1,1,28,57.8439430805731,1.0
1,1,0,0,1,6,0,29,18.643274544355187,6.0
0,1,1,1,1,6,0,28,186.4047258893327,6.0
0,1,1,1,1,1,1,27,114.60041258357172,1.0
0,0,1,0,1,12,0,27,157.5308822269443,12.0
0,1,1,1,1,1,0,26,247.32623642109803,1.0
1,1,1,1,1,12,0,32,26.234878981269606,12.0
1,1,1,1,1,6,1,31,191.52031040635063,6.0
1,1,0,0,1,12,1,32,260.2251424198106,12.0
0,1,0,0,1,12,0,36,95.49786804587023,12.0
0,1,0,0,0,6,0,28,103.75830286490894,6.0
1,1,0,0,1,1,0,27,74.5310134037262,1.0
1,1,0,0,1,1,1,35,35.66437608768858,1.0
1,0,1,0,1,12,0,26,147.4466501599095,4.0
0,1,1,0,1,1,1,27,67.47297297849227,1.0
1,1,0,0,1,1,1,29,105.26650445119526,1.0
1,1,1,1,1,1,0,28,57.847267259349664,1.0
0,1,1,1,1,12,1,28,84.02868110958906,10.0
1,1,1,0,1,12,1,32,137.74556676302615,12.0
1,1,0,0,1,1,0,26,60.642217016013696,1.0
1,1,0,0,1,1,1,33,97.62361718473122,1.0
1,1,0,0,1,1,1,28,161.5451408848667,1.0
1,1,1,0,1,1,1,32,40.51433927089151,1.0
1,1,1,1,1,6,1,27,70.64277601917334,5.0
1,1,0,0,1,1,1,36,169.59272492364653,1.0
0,1,0,0,1,1,0,31,207.83762543299164,1.0
0,0,1,0,1,1,0,27,286.73251724801634,1.0
1,1,1,0,1,12,1,30,89.99404113554657,12.0
1,1,1,1,1,6,1,27,91.11360499957395,5.0
0,1,1,0,1,12,1,32,2.919196263219064,12.0
1,1,1,1,1,12,1,29,298.5444053830612,12.0
1,1,0,0,1,1,0,28,60.592262054219475,1.0
0,1,1,1,1,12,1,30,12.472956537805187,7.0
1,0,0,0,1,1,0,26,210.39530401338158,1.0
1,1,0,1,0,1,1,36,193.32018500844464,1.0
0,1,1,1,1,1,1,25,87.95891689049293,1.0
0,1,1,1,1,1,1,27,197.23108297288533,1.0
0,1,0,1,1,1,1,24,198.97169698732472,1.0
0,1,1,1,1,12,0,34,367.0322491839666,9.0
1,1,0,0,1,1,1,31,135.9155585205089,1.0
1,1,1,1,1,6,1,31,157.3873407991097,6.0
1,1,1,0,1,6,1,24,16.02522075163661,6.0
0,1,0,0,1,12,1,24,241.2919551204216,12.0
1,0,0,0,1,1,0,27,169.61084002893483,1.0
0,1,1,1,1,6,0,32,211.21864117699826,4.0
1,0,0,0,1,1,0,27,70.44682145187075,1.0
0,1,0,0,1,6,1,23,255.93561696663548,6.0
0,0,1,0,1,1,0,29,109.1531165109852,1.0
0,1,0,0,1,12,0,24,193.22289934396926,12.0
1,1,0,0,1,12,1,36,254.9954272657001,12.0
0,1,1,0,0,1,0,29,5.283815422620152,1.0
1,1,1,0,1,12,1,34,244.8518468221684,9.0
0,1,0,0,1,1,0,25,169.98932027731325,1.0
1,1,1,0,1,6,0,26,86.27952309859894,6.0
1,1,1,0,1,12,0,34,177.86782208879947,12.0
0,1,0,0,1,1,1,33,96.93117512897362,1.0
1,1,1,1,1,1,0,28,158.87271337677475,1.0
0,1,1,0,0,1,1,32,89.95276171319601,1.0
1,1,0,0,1,1,0,25,183.82070522776257,1.0
0,1,0,1,1,12,1,30,76.16745242463945,7.0
0,0,1,0,1,6,0,30,56.21319796478779,6.0
1,1,1,1,1,6,1,28,129.78560971994938,6.0
0,1,0,0,1,6,1,33,93.52435609491522,6.0
1,1,1,0,1,1,0,27,227.4858691725933,1.0
0,1,0,0,1,1,0,28,262.7072860121793,1.0
1,1,1,0,1,6,0,27,72.22102474436066,6.0
1,1,1,0,0,12,0,30,261.59130538426916,12.0
1,1,1,1,0,12,1,33,217.74833706755797,12.0
0,1,0,1,1,1,0,26,128.00009056951254,1.0
1,1,0,0,1,1,0,24,186.63884373535006,1.0
0,1,1,1,1,6,1,28,277.04987552168745,6.0
1,1,1,1,1,1,0,31,11.485170350947234,1.0
1,0,1,0,1,6,1,27,18.274197380167124,6.0
0,0,0,0,0,1,0,29,45.435351284437004,1.0
1,1,0,0,1,1,1,33,0.5105450971712742,1.0
0,1,0,0,1,1,0,29,128.66448203926282,1.0
0,1,0,0,1,1,0,30,52.87123413334648,1.0
0,1,0,1,0,6,1,37,215.78690470073502,4.0
1,1,0,0,1,12,1,31,170.0277071219676,9.0
1,0,1,0,1,1,0,24,61.48417154719664,1.0
0,1,0,0,1,1,0,26,202.84445099448916,1.0
0,1,0,0,1,1,1,27,472.318896556732,1.0
0,0,0,0,1,1,0,29,20.530951465039934,1.0
1,1,1,0,1,6,0,30,79.49454486500572,2.0
1,1,0,0,1,1,1,27,172.210086518131,1.0
0,1,0,0,1,12,0,22,39.366399385595905,12.0
0,1,0,1,1,1,0,29,243.3655275450069,1.0
1,1,0,0,1,6,1,32,134.41062780218905,6.0
0,1,0,0,1,1,0,27,40.14440798448394,1.0
1,1,0,0,1,1,0,26,26.670860744755263,1.0
1,1,0,0,1,1,0,31,67.94894197747135,1.0
1,1,1,0,1,12,1,31,63.48683114013944,12.0
0,1,0,0,0,1,1,30,122.00138968162615,1.0
0,0,0,0,1,12,1,28,6.196235627475687,9.0
0,1,1,1,1,1,1,30,210.99541233456227,1.0
1,1,0,0,0,1,1,31,208.4270551589004,1.0
1,1,1,0,1,6,1,30,249.4580465323491,6.0
0,0,1,0,1,1,1,25,212.74890697131642,1.0
0,0,0,0,1,1,0,26,2.0295612241212098,1.0
1,1,1,1,1,1,1,29,99.18427230799955,1.0
0,1,0,1,1,1,0,21,164.37422655965003,1.0
0,1,1,1,1,6,0,25,307.159369500642,5.0
1,1,0,0,1,12,1,31,94.38163036097721,12.0
0,1,0,0,1,6,1,31,216.65923057270302,6.0
0,1,1,0,0,6,1,33,6.506291216570383,5.0
1,0,0,0,1,1,0,20,117.76592211390852,1.0
1,1,0,0,1,6,0,32,138.2230764311242,6.0
0,1,0,0,1,1,0,29,47.967096309122546,1.0
0,1,1,1,0,6,0,34,16.97882303488592,5.0
0,1,0,0,1,1,0,30,135.3223058118352,1.0
1,1,1,1,1,6,1,32,49.84918936484681,6.0
1,1,0,0,1,6,0,26,309.77512913853843,6.0
0,1,0,0,1,1,0,30,303.07861592198725,1.0
1,1,0,0,1,1,0,23,91.59726955504844,1.0
1,1,0,0,1,6,0,28,280.1645328953488,6.0
0,1,1,0,1,12,0,29,173.70335930299217,12.0
0,1,1,1,1,1,1,30,85.90341301051356,1.0
0,1,0,0,1,1,1,27,88.26704378743122,1.0
0,1,1,0,1,12,1,38,76.99472205724037,12.0
1,0,1,0,1,1,0,25,145.74255064230698,1.0
1,0,0,0,1,1,1,24,103.83523560341072,1.0
0,1,0,0,1,1,1,25,120.5039509846644,1.0
0,0,0,0,1,1,1,23,220.22759776491841,1.0
1,0,0,0,1,1,1,23,125.35134141182924,1.0
1,1,1,1,1,6,0,32,169.7074136689757,4.0
0,0,0,0,1,1,0,29,147.43538881641345,1.0
1,1,0,0,1,1,0,23,215.9300032029624,1.0
0,1,0,0,1,1,1,30,129.22345793222684,1.0
0,1,0,0,1,1,0,35,224.019816887839,1.0
0,1,0,0,0,1,0,28,214.3299564687268,1.0
0,1,1,1,1,6,0,27,408.65823489505067,6.0
0,1,0,0,1,1,1,23,30.40974910851543,1.0
0,1,0,0,1,1,0,30,131.66258939549428,1.0
1,1,1,1,1,6,1,34,115.8692419392405,4.0
0,1,1,1,1,12,0,31,179.13493986172747,11.0
0,1,1,1,1,6,1,26,227.77347779311745,6.0
0,1,0,0,1,1,1,30,140.14766368853924,1.0
1,1,0,0,1,1,0,28,244.16602722539417,1.0
0,0,1,0,1,12,0,29,282.2401301549674,12.0
1,0,1,0,1,1,0,33,93.77860345256892,1.0
0,1,0,0,1,1,0,25,1.2576737792886092,1.0
1,1,0,0,1,1,0,30,98.70957181094086,1.0
0,1,1,1,1,1,1,29,460.9040079782911,1.0
0,1,1,0,1,1,0,31,331.56729595179263,1.0
1,1,1,0,1,1,1,33,162.89088239091882,1.0
0,1,0,0,1,12,0,31,29.197318313049017,10.0
1,0,0,0,1,1,0,32,212.54445404820285,1.0
0,1,1,1,1,1,0,28,266.10583581974856,1.0
1,0,1,0,1,1,0,29,193.10612524700304,1.0
0,0,0,0,1,1,0,30,32.64928000044888,1.0
1,1,0,0,1,1,0,27,76.46404326884523,1.0
0,1,1,1,0,12,1,26,26.83992581583405,12.0
0,1,1,0,1,1,0,35,104.26260229551264,1.0
0,1,0,0,1,1,0,26,109.52217868305868,1.0
0,1,0,0,1,1,1,31,126.36051542860564,1.0
0,0,0,0,0,1,0,31,139.6654565104351,1.0
1,1,0,0,1,6,1,33,167.5902863717333,6.0
0,1,1,0,1,1,0,27,109.89239360465638,1.0
0,1,0,0,1,1,0,30,108.81046040220345,1.0
0,1,1,1,1,12,0,32,137.84714667152315,11.0
1,0,1,1,0,1,1,26,179.27501917707423,1.0
1,0,0,0,1,1,0,34,190.10267111553745,1.0
1,1,1,1,1,1,1,35,126.8208182148902,1.0
0,1,0,0,1,1,1,34,244.28410645788347,1.0
0,1,1,0,1,6,0,31,206.76280950792443,6.0
0,1,0,0,1,6,0,28,134.9747944059709,5.0
0,0,0,0,1,1,0,30,155.0252109409992,1.0
0,1,0,0,1,6,1,30,184.7230306346789,6.0
0,1,0,0,1,1,1,25,173.26168125060485,1.0
0,1,0,0,1,1,0,25,266.29355491675807,1.0
1,1,0,0,1,1,0,26,134.6994102859598,1.0
1,1,0,0,1,1,0,33,191.94699927749332,1.0
0,1,1,1,1,12,1,24,92.46848374990678,12.0
1,0,0,0,1,1,0,33,80.52141252423884,1.0
1,1,1,0,1,12,1,31,69.31928874091552,12.0
0,1,1,1,1,6,1,28,4.74975346205413,6.0
0,1,1,1,0,1,1,27,62.17956217779064,1.0
0,0,0,0,1,1,1,31,93.60761084005381,1.0
1,1,0,0,1,12,1,27,22.460254344492718,12.0
0,1,0,0,1,1,0,26,189.31685441469008,1.0
0,1,0,0,0,1,0,28,33.592863094456895,1.0
0,0,0,0,0,1,0,26,6.333391056508546,1.0
1,1,0,0,1,1,0,34,445.9545267635789,1.0
1,0,0,0,0,1,0,27,10.847254901193011,1.0
1,0,1,0,1,1,0,28,191.71814435323867,1.0
0,1,1,1,0,12,1,33,347.5647591804475,12.0
0,1,0,0,1,6,0,31,260.22289730502393,6.0
0,1,1,0,1,12,0,30,188.66946574512315,12.0
1,1,0,0,0,1,0,28,104.55001837237013,1.0
0,1,1,0,1,1,0,27,151.00606961620932,1.0
0,1,0,0,1,1,1,32,67.58777453164369,1.0
1,1,0,0,1,6,1,31,263.4142856906876,4.0
1,1,1,0,1,12,0,27,38.70370109600368,12.0
0,0,1,1,1,1,1,24,118.40308982770752,1.0
0,1,0,0,1,12,0,32,175.31659286981582,11.0
1,1,0,0,1,1,0,29,49.09945187539921,1.0
0,1,1,1,1,6,0,31,248.3569549742783,6.0
0,1,1,1,1,6,1,27,74.5631273483407,6.0
0,0,0,0,1,1,0,31,49.8424766234962,1.0
1,1,0,0,1,1,0,26,132.30582257215093,1.0
1,1,0,0,1,1,0,27,223.0770265134266,1.0
1,0,0,0,1,1,0,28,134.02379452066302,1.0
0,1,1,1,1,6,1,23,35.276584810343046,5.0
1,1,1,1,1,6,0,25,150.8785117260243,6.0
1,1,0,0,1,1,1,28,202.8695714953415,1.0
0,1,1,1,1,12,1,28,228.29636455793764,12.0
1,1,1,0,1,12,1,26,80.66238212954931,12.0
1,1,1,1,1,6,0,30,25.88918028240198,6.0
1,1,1,1,1,6,0,32,131.51536084019958,5.0
0,1,1,0,1,1,1,29,219.4367262187751,1.0
1,1,0,0,1,1,0,27,17.911351076405712,1.0
0,1,1,1,1,1,0,27,7.65208997925555,1.0
0,1,1,1,0,12,1,31,47.107326617153,11.0
0,1,1,0,1,6,1,31,287.1859956447229,6.0
1,1,1,1,1,12,1,27,20.447039624125626,12.0
0,1,1,1,1,1,0,27,48.8267527356102,1.0
1,0,0,0,1,1,0,33,153.6732461061313,1.0
1,1,0,0,1,12,0,31,116.05408247589642,10.0
1,1,0,0,1,1,1,26,84.32011180145994,1.0
0,1,0,0,1,1,0,31,282.45068184937486,1.0
1,1,1,1,1,12,1,31,142.57992704753548,12.0
0,1,0,0,1,1,1,31,140.41634640733795,1.0
0,0,0,0,1,1,0,31,71.47910800529985,1.0
1,1,1,1,1,6,1,27,216.0170714134423,6.0
1,1,0,0,1,6,1,27,204.40896731152702,6.0
1,1,1,1,1,6,1,32,90.24237917915757,6.0
1,1,0,0,1,12,1,26,45.562326174271575,2.0
0,1,0,1,1,6,1,30,175.56115857345242,4.0
0,1,1,0,1,1,0,28,144.83877992112414,1.0
0,1,1,0,1,6,1,36,31.551994431159912,6.0
0,1,0,0,1,1,0,28,110.25890823229976,1.0
0,0,0,0,1,1,0,32,243.77701014924992,1.0
0,1,1,1,1,12,1,26,269.15033642222386,12.0
0,1,0,0,1,6,0,27,172.58541174768413,6.0
0,1,0,0,1,1,0,24,149.85863472718805,1.0
1,1,1,1,0,12,1,30,256.68535478657867,11.0
0,1,0,0,1,6,1,29,228.53675325643096,5.0
1,0,0,0,1,1,0,25,168.60971463349932,1.0
0,1,0,0,1,12,1,33,161.53532327054938,9.0
0,1,0,0,1,1,0,33,97.80943720551828,1.0
1,1,1,1,1,12,1,33,241.43728372389302,11.0
0,1,0,0,1,12,0,32,52.21675282986959,12.0
1,0,1,0,1,1,0,26,21.603779133303558,1.0
0,1,0,0,1,1,0,32,173.78972538583088,1.0
0,0,0,0,1,1,1,31,30.864817430912765,1.0
1,1,0,1,1,1,1,31,101.323360154516,1.0
1,1,1,1,1,12,0,30,293.59003001557545,12.0
1,1,1,1,1,1,0,35,114.34709182103018,1.0
0,1,0,0,1,1,0,30,269.84706484184693,1.0
0,1,1,0,1,12,1,30,69.39137422013381,8.0
1,1,0,0,1,1,1,29,154.7098169226145,1.0
1,1,1,0,1,12,1,27,164.31955679589976,10.0
0,1,0,0,1,1,1,31,171.90843623691978,1.0
1,1,0,1,1,12,1,28,215.85262915037532,12.0
0,0,0,0,0,1,0,23,154.5452103820751,1.0
0,1,0,1,0,1,0,30,165.24958649485296,1.0
0,1,1,1,1,6,1,30,198.5785144284624,5.0
1,0,1,0,1,1,0,33,287.8679842998414,1.0
0,1,0,0,1,1,0,31,90.12913290806708,1.0
1,1,0,0,1,1,0,30,203.4717522786964,1.0
1,1,0,0,0,1,1,32,89.98505806299778,1.0
1,1,0,0,1,1,0,35,1.600346951440585,1.0
0,1,0,0,1,1,0,26,127.46449929048175,1.0
1,1,1,0,1,1,0,28,65.3011863314245,1.0
1,1,0,0,1,12,0,37,299.17953733356467,12.0
1,1,1,1,1,12,1,30,246.07906296624446,9.0
1,1,1,1,1,12,1,34,262.9931157829711,9.0
0,1,1,1,1,6,1,27,259.92553579305815,6.0
0,0,0,0,1,1,1,32,70.06782540019435,1.0
0,1,1,1,1,12,0,30,158.4071384442397,11.0
0,1,0,0,1,1,0,21,265.944604572652,1.0
0,1,1,1,1,12,0,24,204.61294994263653,12.0
1,0,0,0,1,1,0,31,80.9073366403753,1.0
1,0,0,0,1,6,1,30,250.6977994168339,6.0
0,1,1,1,1,12,1,34,96.0876091758984,11.0
0,1,1,0,1,6,1,35,225.1850042759018,6.0
0,1,0,0,1,1,0,26,147.9656408078873,1.0
1,1,1,0,1,1,1,23,81.20212028036187,1.0
0,1,0,0,1,1,1,26,161.14258537039876,1.0
0,0,0,0,1,1,0,25,125.70563462198736,1.0
1,1,0,1,1,1,1,27,180.02602210873505,1.0
1,1,1,0,1,1,0,34,21.794636302046104,1.0
0,1,1,1,1,6,1,27,37.679740507909386,6.0
1,1,0,0,0,1,0,23,257.7217488706427,1.0
0,1,0,1,1,6,0,29,98.6952598267108,5.0
1,1,0,0,1,12,0,36,156.80975640745154,12.0
1,0,1,0,1,1,1,26,38.7980962590864,1.0
0,1,1,1,1,6,1,28,242.15224265279164,6.0
0,1,0,1,1,12,0,30,196.70175333431598,12.0
1,1,0,0,0,6,1,31,278.59917093721407,6.0
1,1,1,0,1,1,0,31,11.916705165936275,1.0
0,0,1,1,1,1,0,30,84.78552222511374,1.0
0,1,1,1,1,12,1,24,125.43144201013806,10.0
0,1,1,1,1,1,0,31,187.3612457644976,1.0
0,0,0,0,1,1,0,29,81.6317751381772,1.0
0,0,1,0,1,12,1,32,552.5907403868798,12.0
0,1,0,0,1,12,1,32,290.04739352712,11.0
0,0,0,0,0,1,0,31,279.0033804874264,1.0
1,1,1,0,1,1,0,32,180.7635899102696,1.0
0,0,0,0,1,1,0,29,154.97800029707574,1.0
1,1,1,0,1,12,1,35,147.8265127392659,12.0
0,0,0,0,0,1,0,31,136.9172943213195,1.0
0,1,0,0,0,1,0,30,107.73050682718424,1.0
1,1,0,0,1,1,0,26,195.0872189157629,1.0
1,0,0,0,1,1,1,28,161.8120374777373,1.0
1,1,0,0,1,12,0,25,223.25045973551929,12.0
1,1,0,0,1,6,1,34,110.95673103075208,6.0
1,1,0,0,1,12,1,30,283.54120445319506,12.0
1,1,0,1,1,12,1,30,140.98675852112308,10.0
0,1,1,0,1,6,1,29,13.295275364007326,6.0
1,1,0,0,1,6,1,31,219.6158757471227,6.0
0,1,1,0,1,1,0,30,93.94496816886699,1.0
1,1,1,0,1,1,0,28,247.59890768086257,1.0
0,0,1,1,1,12,0,30,47.302766561177634,12.0
0,1,0,0,1,12,1,31,221.10035970319973,12.0
1,1,1,1,1,6,0,30,10.081277088784617,5.0
1,1,0,0,1,1,1,33,208.07167249654805,1.0
1,1,0,0,1,1,1,24,98.72957048763857,1.0
1,1,1,1,1,12,1,33,29.40562926412387,12.0
0,1,1,1,1,12,1,28,457.40647855564794,9.0
1,1,1,1,1,12,1,25,200.49951991782186,12.0
1,1,0,0,1,1,1,27,352.19522756676366,1.0
1,1,0,1,1,1,1,30,163.53735157941753,1.0
1,1,1,1,1,6,0,28,13.586563808387242,6.0
0,1,0,0,1,1,0,28,108.92574783433625,1.0
1,1,1,1,1,1,1,35,100.99788478733744,1.0
1,1,0,0,1,1,0,28,36.90839248124439,1.0
0,1,0,0,1,1,0,27,26.73796033491593,1.0
0,1,1,1,1,1,0,25,95.14059114233936,1.0
1,1,0,0,1,1,0,27,37.618370434385604,1.0
0,1,1,1,1,12,0,32,181.4188513740968,12.0
0,1,0,0,1,1,0,27,277.7491168212823,1.0
0,0,0,0,1,1,1,28,20.4566155661218,1.0
1,1,1,1,1,12,1,20,100.19800725914507,5.0
1,1,0,0,1,1,1,37,76.26397153099406,1.0
1,1,1,1,1,12,1,32,4.920061554950221,12.0
0,1,0,0,1,1,1,36,183.64559962472813,1.0
0,0,0,0,1,12,1,24,274.5614991855627,7.0
0,1,1,1,1,12,0,28,84.89121627537787,11.0
1,0,1,0,1,6,1,27,7.200534907109827,6.0
1,0,1,1,1,1,0,28,196.66093826256167,1.0
0,1,0,0,1,6,0,34,125.65763947651428,6.0
1,1,0,0,1,1,0,29,50.50142704436972,1.0
0,1,0,0,1,12,0,33,267.47205747666857,4.0
0,1,0,0,0,1,0,30,152.3407765457481,1.0
0,1,1,1,1,12,1,30,191.38387984157958,12.0
1,1,0,0,1,1,0,30,358.88764731678435,1.0
0,1,0,0,1,1,0,28,72.10447535962639,1.0
0,0,0,0,1,1,0,25,30.71265251383784,1.0
1,1,0,1,1,1,1,25,267.6454794880021,1.0
0,1,0,0,1,12,0,27,79.84522427742365,12.0
1,1,1,1,1,12,1,30,97.37332370027252,12.0
1,1,0,1,1,1,0,32,161.67687955234467,1.0
0,0,0,0,1,1,1,24,131.6940837184188,1.0
0,1,1,1,1,6,0,27,25.684052170776468,6.0
1,1,0,0,1,1,0,30,122.87642857489251,1.0
0,0,1,0,1,1,0,32,63.67269984123503,1.0
1,0,1,0,1,1,0,27,266.30378058803416,1.0
1,1,0,0,1,1,0,25,164.30956056437643,1.0
0,1,1,1,1,6,1,28,51.973905496784354,6.0
1,0,1,0,1,1,0,25,19.493533340428048,1.0
1,1,1,0,1,12,0,26,174.9963029192636,12.0
0,1,1,1,1,1,0,31,44.852110464178175,1.0
1,1,0,0,1,12,1,33,275.02508398561,11.0
1,0,1,0,1,1,0,28,34.1996574013703,1.0
1,1,0,0,1,6,0,26,396.0704467867084,6.0
1,1,1,1,1,1,1,29,176.0513660927139,1.0
0,0,1,0,1,1,0,30,26.989301288349466,1.0
1,1,0,0,1,12,1,34,112.88942529434284,12.0
0,0,1,0,1,1,1,27,121.74319804803676,1.0
0,1,1,0,1,6,1,23,141.58747056342338,6.0
1,1,1,0,1,1,0,24,250.050054686681,1.0
0,1,0,0,1,1,1,33,209.45137867908556,1.0
1,1,0,0,0,6,1,29,83.70086970524274,6.0
1,0,1,0,1,1,1,28,50.093105154496676,1.0
1,1,0,0,1,1,0,29,220.1855200297689,1.0
1,1,1,0,1,1,1,28,272.1537800794748,1.0
1,1,1,0,1,12,1,26,242.09340750398263,12.0
0,1,0,1,1,6,0,25,62.92241079350276,5.0
0,1,1,0,1,1,1,30,169.25103656268817,1.0
0,1,0,0,1,1,0,24,60.912566727927405,1.0
1,1,0,0,1,1,0,27,123.2195957781072,1.0
1,1,0,0,1,1,0,26,257.27825032737485,1.0
1,1,1,1,1,12,0,27,265.1072385419513,10.0
1,1,1,0,1,12,1,29,69.97534909742677,12.0
0,1,1,1,1,12,1,31,85.73848174763819,12.0
1,0,1,0,1,1,0,29,6.422385227649058,1.0
1,1,1,1,1,12,1,28,360.32213006008163,12.0
0,1,0,0,1,1,1,29,272.22876359954637,1.0
1,1,1,1,1,1,0,32,175.69974641695518,1.0
0,1,1,0,1,1,0,25,88.42962525544813,1.0
0,1,1,1,1,12,0,28,320.4719933466525,8.0
0,1,0,0,1,1,0,31,18.33467741051173,1.0
1,1,1,0,1,12,0,28,43.44094932384397,9.0
0,1,0,0,1,1,1,32,102.61637419379973,1.0
0,1,1,0,1,1,0,29,82.5963714730878,1.0
0,1,0,0,1,1,1,29,202.3444835122049,1.0
1,1,0,0,0,1,1,31,342.1125579154743,1.0
1,1,0,0,1,1,0,27,24.553944989375186,1.0
0,1,1,1,1,12,1,32,32.30660714063879,12.0
1,1,0,0,1,1,0,26,404.78620736000397,1.0
1,1,1,0,1,6,0,27,98.08747900238629,6.0
0,0,0,0,1,1,0,32,59.42079881396981,1.0
0,1,1,1,1,12,1,30,148.80542031488267,12.0
0,1,1,1,0,12,0,23,198.5053305792081,10.0
1,1,0,0,1,1,1,32,23.459007986429445,1.0
0,1,1,1,1,12,1,31,318.834106754099,8.0
1,1,0,0,1,6,0,22,162.446887825788,5.0
0,1,0,0,1,1,1,33,273.04247233402725,1.0
1,1,1,1,1,12,1,32,173.9153488556863,10.0
0,1,1,0,1,1,1,29,98.96024723841973,1.0
0,1,0,0,1,1,0,36,303.639940285414,1.0
0,1,1,1,1,1,0,33,151.8162908172245,1.0
1,1,1,0,1,6,0,23,261.36063504950585,6.0
1,1,1,0,1,1,0,25,296.14637812936434,1.0
1,1,1,1,1,6,1,30,342.37483835227937,6.0
0,1,1,1,1,1,1,29,233.53801379705024,1.0
0,1,1,1,1,6,0,25,110.2317124845241,6.0
0,1,1,1,1,1,1,35,32.68330832271645,1.0
1,1,0,0,1,12,0,30,70.03765493162818,8.0
1,1,0,1,1,12,0,29,38.993561688579184,10.0
1,1,1,1,1,12,0,29,110.84296759529934,10.0
0,0,1,1,1,1,0,32,124.09675827729544,1.0
0,1,0,0,1,1,1,26,1.2504126831117477,1.0
1,1,1,1,1,6,1,25,217.94710368560317,5.0
1,0,1,0,1,1,0,28,86.9531999151943,1.0
0,1,0,0,1,12,1,35,151.39247428423928,12.0
1,0,0,0,1,1,0,25,138.3631408850736,1.0
0,1,1,0,1,1,1,29,115.66246675795324,1.0
0,1,0,0,1,12,0,29,231.7482401016552,8.0
1,1,1,1,1,12,1,34,216.14350612220767,12.0
0,1,1,1,1,6,0,24,65.20237982368145,4.0
0,0,1,0,1,1,0,31,220.68001255571576,1.0
0,1,0,0,1,6,0,26,8.649808932194361,6.0
0,1,1,0,1,12,1,33,200.0715419292381,12.0
1,1,1,1,1,1,0,33,34.45225238463675,1.0
0,0,0,0,1,1,0,29,133.54075054249594,1.0
0,0,0,0,1,1,0,30,133.64010757248352,1.0
1,1,0,0,1,1,0,30,41.767164339000146,1.0
1,1,0,1,1,1,1,29,234.92949121547002,1.0
0,1,1,1,1,1,0,32,236.06497932875297,1.0
1,1,0,1,1,6,0,30,206.14409813231973,6.0
0,0,0,0,1,1,0,25,154.01048214668958,1.0
1,1,1,1,1,12,0,28,281.68819364549717,12.0
0,1,0,0,1,12,1,25,404.4406413936107,11.0
1,1,1,1,1,12,0,34,242.60631069094487,12.0
0,1,1,0,1,12,1,27,322.52535973748445,11.0
0,1,1,1,1,12,0,24,52.680412367552464,12.0
1,1,0,0,1,1,0,30,54.02212564226403,1.0
0,1,1,0,1,12,0,34,256.6131476906929,9.0
1,1,0,0,1,6,1,28,57.888076968277474,6.0
0,0,1,0,1,6,0,29,136.89662887946594,6.0
1,1,0,0,1,12,0,31,93.45677599140572,6.0
0,1,1,0,1,1,1,23,192.55979696095767,1.0
0,1,1,1,0,6,1,31,190.7688257580167,6.0
0,1,0,1,1,1,1,31,219.9582239556895,1.0
0,1,1,1,1,12,1,26,21.18099992408479,8.0
1,1,0,0,1,1,0,29,33.556873621556136,1.0
0,1,1,0,1,1,0,30,162.529379167893,1.0
1,1,0,1,1,1,1,29,92.43804337730879,1.0
1,1,0,0,1,1,1,24,54.87599574401395,1.0
0,1,1,1,1,6,1,28,106.11982361962556,6.0
1,1,0,0,1,1,1,24,212.09344862273412,1.0
1,0,0,0,1,6,0,32,78.88002763960036,6.0
0,0,0,0,1,12,0,29,260.339080560042,12.0
0,1,0,0,1,1,1,27,229.32191229233285,1.0
1,1,0,0,1,1,0,30,101.63924616570229,1.0
0,0,0,0,1,1,1,33,245.0617577538123,1.0
0,1,1,0,1,12,1,28,288.9494449819,11.0
1,1,0,1,1,1,0,27,264.5228471026611,1.0
0,1,0,0,1,1,0,27,93.00636502945773,1.0
0,1,1,1,1,12,1,29,257.9390310224524,11.0
0,1,0,0,1,1,1,34,30.267737263205856,1.0
1,1,1,0,1,12,1,31,104.65967974355024,10.0
0,1,1,0,1,1,0,29,78.29036900582152,1.0
0,1,1,0,1,6,0,27,179.960363089071,6.0
0,1,1,0,1,6,0,30,212.24770454816257,6.0
1,0,1,0,1,1,0,26,98.61884045254948,1.0
0,1,0,0,1,6,1,28,32.771326855088304,6.0
0,1,0,0,1,6,1,31,189.1620756846305,4.0
1,0,0,0,1,1,0,25,6.251301276126683,1.0
0,1,1,1,1,12,0,31,183.34002886507847,11.0
0,1,1,1,1,6,1,29,186.90476733130515,5.0
1,1,1,0,1,12,1,28,21.945122991427468,12.0
0,1,1,1,1,1,1,30,203.43383424053764,1.0
1,1,1,1,1,12,0,27,192.1285987314394,10.0
1,1,0,0,1,6,1,29,397.2733580201801,6.0
1,1,0,0,1,1,1,26,162.15735773418845,1.0
0,0,0,0,1,1,0,26,115.35988314407842,1.0
0,0,0,0,1,1,0,31,410.7567326012808,1.0
0,1,1,0,0,6,1,24,88.30096700922064,6.0
1,0,1,0,1,1,0,27,16.561641365032358,1.0
1,1,0,0,1,1,1,26,225.08350121778489,1.0
1,1,1,1,1,12,1,30,89.49282081156687,12.0
1,0,1,0,1,6,1,30,256.9592267483916,6.0
1,1,0,0,0,12,0,27,241.3737921378424,10.0
0,1,1,0,0,12,1,24,34.17904856266324,7.0
0,1,0,0,1,1,0,31,66.32918998205136,1.0
0,1,0,0,1,1,0,26,306.9169295685318,1.0
0,0,0,0,1,1,0,30,200.0683747561077,1.0
1,1,1,1,1,1,0,30,232.30950348664672,1.0
0,1,0,1,0,1,1,34,9.246232215860275,1.0
0,1,1,0,1,12,0,32,83.1793770663648,12.0
0,1,0,0,1,1,0,31,28.2538107499226,1.0
0,0,0,0,1,1,0,29,15.406299803233972,1.0
1,1,0,0,1,1,1,31,169.87085443385564,1.0
1,1,0,0,1,1,0,27,248.49585824104844,1.0
0,1,1,0,1,12,1,28,134.52334104202828,9.0
0,1,0,1,0,1,1,29,215.42328686736528,1.0
1,1,0,0,0,1,1,31,271.6880871724237,1.0
0,1,1,1,1,12,0,30,157.80751635933711,11.0
1,1,1,0,1,1,0,27,114.50303274663484,1.0
1,1,0,0,1,1,1,28,122.94100773483231,1.0
1,1,0,0,0,6,0,29,220.2588752710884,6.0
1,1,0,0,1,6,0,30,143.4310241763394,6.0
1,1,0,0,1,6,0,33,173.46431196182837,3.0
0,1,0,0,1,1,0,24,97.77420753134516,1.0
1,1,1,1,0,12,0,28,64.69514357472053,12.0
0,1,0,0,1,6,0,30,183.96425839724049,6.0
1,1,1,0,0,6,1,22,273.4794738378807,5.0
0,1,1,1,1,1,1,36,78.46223414529717,1.0
0,1,1,1,1,6,0,31,67.46550769134008,6.0
1,1,1,1,1,1,1,28,201.5399921779541,1.0
0,1,1,0,1,12,0,37,157.5010371363151,12.0
1,0,1,0,1,1,0,24,127.14208323258816,1.0
0,0,1,0,1,6,0,35,127.13042500409536,3.0
0,0,0,0,1,6,1,25,78.79688871303782,6.0
1,1,0,0,1,1,1,27,7.817684752563963,1.0
0,1,0,0,1,12,1,36,179.94002230661968,12.0
1,1,1,0,1,6,0,31,278.86798437981287,6.0
0,1,0,1,1,1,0,26,229.1575577760353,1.0
0,1,0,0,1,6,1,28,365.37886901454283,3.0
0,1,0,0,0,1,0,26,118.17365932642504,1.0
1,1,0,1,1,12,0,30,262.7596082487759,12.0
0,1,0,0,0,1,0,30,384.371001367242,1.0
0,0,0,1,1,1,0,27,210.8810224329303,1.0
1,0,0,0,1,1,0,27,106.52534995462612,1.0
1,0,0,0,1,1,0,34,226.3665918671137,1.0
1,0,0,0,1,12,1,28,108.65728786454487,12.0
0,1,1,0,1,12,0,34,89.77571227781124,11.0
1,1,1,1,1,6,1,32,67.50715044199237,6.0
1,1,1,1,1,6,1,33,273.9237308099248,3.0
1,1,1,1,0,1,1,28,169.40082006091228,1.0
1,1,0,0,1,1,0,31,62.0831491313615,1.0
1,1,0,0,1,1,1,31,281.63434495095805,1.0
0,1,0,0,1,12,0,28,252.98803518823516,12.0
1,1,1,1,1,12,1,30,53.25877946726062,12.0
1,1,0,0,0,6,0,27,107.28662568868671,6.0
1,1,1,1,1,12,0,32,107.25808055608057,12.0
1,1,1,0,1,12,1,35,71.6408493385112,11.0
1,1,0,0,1,1,0,27,89.08346726857978,1.0
0,1,0,0,0,6,0,30,196.21499654767703,6.0
0,1,0,0,1,1,1,26,188.06019444431251,1.0
1,1,1,1,1,12,0,31,79.94152653190295,10.0
0,1,1,0,1,12,1,31,61.27146082759412,12.0
0,0,0,0,0,1,0,33,141.41187728644113,1.0
1,1,0,0,1,6,1,32,55.80011747764373,6.0
0,1,1,0,1,6,0,28,66.45914022410912,6.0
0,1,1,0,1,12,1,34,253.59176843760457,12.0
1,0,0,0,0,1,0,26,150.43228473452672,1.0
0,1,1,1,1,1,1,29,14.961867364790125,1.0
0,1,0,0,1,1,0,27,19.09303526925716,1.0
0,1,0,0,0,1,1,28,253.95431609740314,1.0
0,1,0,0,1,1,0,38,53.54015301853578,1.0
1,1,0,0,1,12,0,31,196.62658856343973,12.0
0,0,0,0,1,1,0,23,103.93075384201323,1.0
1,1,1,1,1,1,0,25,190.70368596177624,1.0
1,1,1,1,1,12,0,37,337.05510144541785,12.0
0,1,1,1,1,6,1,26,23.267527321526604,6.0
1,1,1,1,1,12,0,32,334.03997528286106,12.0
0,1,0,0,1,1,0,29,131.40102993017825,1.0
1,1,1,1,1,12,0,26,310.3287664322788,12.0
0,1,1,1,1,12,1,25,4.292018289878996,12.0
1,1,0,0,1,6,0,30,99.29013227498464,6.0
1,1,0,0,0,1,0,28,138.60822131064018,1.0
0,1,1,1,1,12,1,24,34.17859465174513,12.0
1,1,0,1,1,1,0,30,171.53894824936478,1.0
1,0,1,0,1,6,0,35,159.49152619401286,6.0
1,1,1,0,1,6,1,31,333.4039369111453,6.0
0,1,0,0,1,1,0,27,188.7131263751387,1.0
0,1,1,0,1,6,0,28,53.653552646241465,6.0
0,1,1,1,1,1,0,28,143.60948253146313,1.0
1,1,1,0,1,1,0,27,60.01384641361707,1.0
1,1,1,1,1,1,1,27,71.1967870454408,1.0
1,1,0,0,1,1,1,29,71.52352225319638,1.0
0,1,0,0,1,6,0,31,356.5229670988668,3.0
0,0,0,0,1,1,0,28,175.04698448715303,1.0
0,1,1,0,1,1,0,30,149.70690266041834,1.0
0,1,0,1,1,1,0,29,158.9818636939597,1.0
1,0,1,0,1,1,1,32,200.56454083550042,1.0
1,0,1,0,1,1,0,26,187.1627542353601,1.0
0,0,1,0,1,12,0,34,266.9431637958427,12.0
0,1,0,0,1,12,1,29,101.90772616812455,12.0
0,1,1,1,1,6,0,32,389.29147485825416,5.0
0,1,1,1,1,12,0,33,95.79555123496245,7.0
1,1,0,0,1,6,0,24,35.85573388122228,6.0
0,1,0,0,0,1,0,26,316.7752664519857,1.0
0,1,1,0,1,6,0,34,50.049159967086894,6.0
1,1,1,0,1,12,0,25,292.60976748513735,10.0
1,1,1,0,1,12,0,26,143.85074376949208,12.0
1,1,0,0,1,1,0,30,251.7185800040396,1.0
1,1,1,0,1,12,0,28,170.75807518022606,12.0
1,1,0,0,0,1,0,21,184.9656827469157,1.0
1,1,0,0,1,1,0,27,248.3102094771449,1.0
0,1,1,1,1,12,0,25,211.47176307870103,12.0
1,1,0,0,1,1,0,25,161.9285426916021,1.0
0,1,0,1,1,1,1,22,307.6086910451432,1.0
1,1,0,1,1,1,0,29,78.8094925849445,1.0
0,0,0,0,1,1,0,25,60.87054420392108,1.0
0,0,0,0,1,1,0,25,99.48142501833384,1.0
1,1,1,1,0,12,0,28,163.02126272292426,12.0
1,0,0,0,1,1,0,29,113.30652774123631,1.0
1,1,1,1,1,12,0,27,163.54407486647085,12.0
1,1,0,0,0,1,0,27,153.42880008043952,1.0
1,1,0,0,1,1,1,29,137.23722614029364,1.0
1,0,1,1,1,1,0,31,310.33136046965467,1.0
0,1,1,1,1,6,0,26,194.80395882578262,6.0
1,1,0,1,1,1,1,33,159.70678479296646,1.0
0,1,1,1,1,6,1,28,236.80019324575298,6.0
1,1,1,0,1,12,0,25,185.05580114493253,12.0
1,1,0,0,1,1,0,32,241.21412315580886,1.0
0,1,0,0,1,1,0,26,51.52430038298794,1.0
1,1,1,1,1,12,1,27,206.55779203243873,12.0
0,1,0,0,1,1,1,30,46.93438030462596,1.0
0,1,1,0,1,6,0,25,117.34229323040138,6.0
1,1,0,1,1,6,0,39,345.4302977016323,6.0
0,1,0,0,1,1,0,27,48.993857895051384,1.0
1,1,1,1,1,6,0,33,148.47263894108562,6.0
1,1,1,1,1,6,1,31,154.06451329954476,6.0
1,1,1,1,1,1,0,35,305.1783336075948,1.0
0,1,1,0,1,12,0,31,185.1947995223842,12.0
1,1,0,0,1,1,0,32,240.8713506025506,1.0
0,1,0,0,1,1,0,24,159.91277734467752,1.0
0,1,0,1,1,6,1,30,51.281517137153386,6.0
0,1,1,0,1,12,0,29,74.04354080515515,11.0
1,1,0,0,1,12,1,31,293.9504650664701,11.0
0,0,1,0,1,1,0,29,260.2176889120886,1.0
0,1,1,0,1,6,0,34,282.714594943399,6.0
0,1,1,1,1,6,1,28,202.4332096021656,6.0
1,1,1,1,1,6,0,26,99.58553541410535,2.0
1,1,0,1,1,1,0,33,12.056007046237982,1.0
1,1,1,0,1,12,1,25,124.8033046400844,12.0
0,1,0,0,1,1,1,26,56.89166345463342,1.0
1,1,0,1,1,6,1,29,342.3248667034555,6.0
0,1,1,1,1,12,1,29,301.03601443065133,11.0
0,1,0,0,1,1,1,24,124.04555343750765,1.0
1,1,1,1,1,12,1,30,341.76810570815536,12.0
1,1,0,0,0,1,0,27,73.89018437953615,1.0
0,0,0,0,1,1,0,28,165.01722724741052,1.0
1,0,1,1,1,1,1,24,193.7555465273473,1.0
0,1,0,0,1,1,0,28,133.47922383928872,1.0
0,1,0,1,1,1,1,27,82.04860135827748,1.0
0,1,0,0,1,1,1,26,108.02267522533114,1.0
0,1,1,1,1,6,0,24,43.18098241880384,6.0
1,0,1,0,1,1,0,26,56.46000330688236,1.0
1,1,0,0,1,12,1,32,22.67592407259881,11.0
0,1,1,0,1,1,0,25,50.360424399145295,1.0
1,1,0,1,1,12,1,24,202.3905078749632,12.0
0,1,1,1,1,12,0,28,92.3296349658507,11.0
1,0,0,0,1,1,0,28,147.61538835637302,1.0
1,1,1,0,1,12,1,34,24.923560815950196,5.0
0,1,1,0,1,1,0,24,56.12988028393494,1.0
1,1,1,1,1,6,1,26,190.51553699750986,5.0
1,0,0,0,0,1,0,29,151.1726494189597,1.0
0,0,0,0,1,6,0,28,74.24523086047273,5.0
1,1,1,1,1,12,1,30,6.402727325230572,12.0
0,1,0,0,1,1,0,30,187.76202415853268,1.0
1,1,0,0,1,6,0,29,200.6328011297544,4.0
0,1,1,1,1,12,1,34,32.95087236932756,10.0
1,0,1,0,1,1,0,29,5.799497736995917,1.0
1,1,1,0,1,1,0,29,207.1903616188124,1.0
1,1,1,0,1,1,0,25,98.55928692259191,1.0
1,1,1,1,1,12,0,28,136.48767182991864,12.0
1,1,1,1,1,12,0,28,175.02468671208226,12.0
1,0,0,0,1,1,0,28,3.3813882991414346,1.0
0,1,0,0,1,6,0,30,17.786402727324155,5.0
1,1,0,0,1,1,1,33,93.18940556192793,1.0
0,1,0,1,1,12,1,23,95.52036658169321,11.0
1,0,1,0,1,6,0,31,71.35146549719806,5.0
0,1,1,1,0,12,1,27,300.5049040654943,12.0
1,1,0,1,1,1,0,29,170.63997186046066,1.0
0,1,1,0,1,1,1,29,98.69168738277293,1.0
0,1,0,0,1,1,1,29,264.60551415647086,1.0
0,1,0,0,0,12,0,30,119.60823963295928,10.0
1,1,0,0,1,1,0,31,99.77774270297712,1.0
0,1,1,1,1,12,0,29,50.864460066893386,5.0
1,0,1,1,1,1,0,31,172.0382330635849,1.0
1,1,0,0,0,1,0,27,319.3403417635735,1.0
1,1,1,1,0,12,1,28,31.811859944212745,9.0
1,1,0,0,1,6,0,28,57.2528816304749,6.0
1,1,0,0,1,1,0,30,121.93246759564613,1.0
0,1,0,0,1,1,1,32,37.973099715111374,1.0
0,1,1,1,1,1,0,30,224.17364615416068,1.0
1,1,1,0,0,6,1,27,152.77553229268426,6.0
1,1,0,0,1,12,0,33,220.91491485296143,9.0
1,0,1,0,1,6,1,31,95.82755375133092,6.0
1,0,1,1,1,1,0,28,78.41966751193931,1.0
1,1,0,0,1,1,1,29,92.46712137769569,1.0
1,1,1,1,1,1,0,28,103.74754748031287,1.0
1,1,1,0,1,1,0,28,235.66235069848202,1.0
1,1,1,1,1,1,0,28,155.81106315533128,1.0
1,1,0,0,1,1,0,22,15.785804965464067,1.0
1,0,0,0,1,6,1,25,2.8172002914492538,6.0
0,1,1,1,1,12,1,27,149.98807533015142,12.0
1,1,1,1,1,6,1,28,73.55776110464136,5.0
1,0,1,0,1,1,0,34,118.41682965255585,1.0
0,1,1,1,1,12,1,29,44.36487322667488,12.0
1,0,0,0,1,1,0,34,153.523992914519,1.0
1,0,0,0,1,1,0,28,44.595038627302465,1.0
0,1,0,0,1,1,0,31,124.35722636708373,1.0
1,1,1,1,1,12,1,34,379.48520730926117,9.0
1,1,1,1,1,12,1,32,90.74418077841379,12.0
1,1,0,0,1,1,0,26,41.86525647239372,1.0
0,1,0,0,1,1,1,21,119.73492162734577,1.0
1,1,1,0,1,1,0,27,21.027100988181832,1.0
0,1,1,0,1,12,1,32,103.53931006060895,12.0
1,1,0,0,1,1,0,33,65.66626221197033,1.0
0,0,0,0,0,1,0,33,152.13022779038675,1.0
1,1,1,1,1,1,0,23,96.70025024374405,1.0
0,0,1,0,1,1,0,28,154.01998484356017,1.0
1,1,0,0,1,6,1,31,462.1786601056556,5.0
0,1,1,1,1,1,1,32,112.58112724088369,1.0
0,1,0,0,1,1,0,25,96.99484972402813,1.0
0,1,1,1,1,1,1,32,132.20779557269483,1.0
0,1,1,1,1,1,1,25,81.31469422643141,1.0
0,1,1,1,1,1,0,32,231.85424612632846,1.0
1,1,0,0,1,1,1,34,150.8324262019587,1.0
0,1,0,0,1,1,1,29,163.4545878983094,1.0
0,1,1,0,1,1,0,23,190.76800426983863,1.0
1,1,0,0,1,1,0,30,7.353429465311265,1.0
1,1,0,0,1,1,0,27,34.715962256917265,1.0
0,1,1,0,1,1,0,27,193.32184989742092,1.0
0,0,1,0,1,12,0,32,22.752014072659666,11.0
0,1,1,1,1,1,0,23,154.15235908972318,1.0
1,1,0,0,1,1,0,24,51.45037755255,1.0
1,0,1,1,1,1,1,31,352.56901686494245,1.0
0,1,0,0,1,1,1,28,157.8094340672059,1.0
0,1,1,1,1,1,0,32,80.27629458173939,1.0
0,1,0,0,1,1,0,31,117.94858799940502,1.0
1,1,1,1,1,1,1,32,47.51779661157556,1.0
0,1,0,1,1,12,1,30,339.5946576138612,11.0
1,0,1,0,1,12,1,35,49.99670181172762,12.0
0,1,1,1,1,12,0,33,114.15861988948791,12.0
1,1,0,0,1,1,1,29,107.46211869511984,1.0
1,1,1,0,1,1,0,21,112.03442891835932,1.0
1,1,0,0,1,1,0,33,34.96055739883856,1.0
1,1,0,0,1,6,1,37,148.5270468492099,6.0
1,1,1,0,1,12,1,31,72.86863640396692,11.0
0,1,0,1,1,1,1,26,113.22350644456543,1.0
0,1,0,0,1,1,1,32,288.57660169615406,1.0
1,1,1,0,1,12,0,31,45.260926253568705,11.0
1,1,1,0,1,1,0,22,138.3032826067853,1.0
0,0,0,0,1,1,0,32,160.77461589520834,1.0
0,0,1,0,1,12,1,29,72.74315599892408,12.0
1,0,1,0,0,6,0,30,55.783895023172725,5.0
0,1,1,1,1,6,0,28,282.08959967116243,6.0
0,1,0,0,1,1,1,30,200.7199189978532,1.0
0,1,0,1,1,12,1,28,400.98880225289565,12.0
1,1,1,1,1,6,0,28,89.81008223999821,6.0
0,1,1,0,1,1,0,30,214.65902857075818,1.0
0,1,0,0,1,1,0,29,64.7900234273916,1.0
1,1,1,1,1,6,1,30,147.57797315436466,6.0
0,1,1,0,1,12,0,32,184.5307531343028,11.0
0,1,0,0,1,1,0,33,95.65128494211822,1.0
0,1,0,0,1,6,1,26,83.74832289514828,6.0
0,1,1,1,1,6,1,32,48.69695837364488,3.0
1,1,0,0,1,1,1,33,181.61989599281932,1.0
1,1,1,0,1,12,1,30,149.65743420722075,12.0
0,1,1,0,1,12,0,28,217.9396397579041,12.0
1,1,1,1,1,12,1,33,56.240667620087955,4.0
1,1,1,1,1,12,1,31,326.3674220283018,8.0
1,1,0,0,0,6,1,28,117.79614421056135,6.0
0,1,0,0,1,6,0,31,39.61097604336089,6.0
0,1,1,1,1,6,0,34,214.33990363161132,6.0
1,1,0,0,1,12,1,27,325.2728594136971,12.0
1,1,1,1,0,12,1,31,71.40895911162991,12.0
1,1,0,0,1,6,0,32,178.35223790160316,6.0
0,1,1,0,1,12,1,32,220.5323539504033,11.0
1,1,0,0,0,1,0,25,76.1906156000988,1.0
1,1,0,0,1,1,1,25,38.84128614258303,1.0
0,1,1,1,1,1,0,28,17.620550976551954,1.0
0,1,0,0,1,1,0,30,19.36779395560596,1.0
1,1,1,1,1,6,0,29,122.53680434738756,6.0
0,1,0,0,1,12,0,25,232.56524830814988,12.0
1,1,0,0,0,6,1,29,73.0328171444542,5.0
0,0,0,0,1,1,1,30,191.0285722218429,1.0
1,1,1,0,1,12,0,25,30.895072548848816,4.0
1,0,1,0,1,1,0,29,116.0936179645566,1.0
0,1,0,0,1,1,0,33,108.06624235806477,1.0
1,1,0,0,1,1,1,30,226.7443352942057,1.0
0,1,0,0,0,1,1,35,178.5177702845953,1.0
0,0,0,0,1,1,0,32,112.69199556633149,1.0
1,1,1,1,1,6,1,21,112.41951698221534,6.0
1,0,0,1,1,1,0,32,211.22849973522847,1.0
0,1,0,1,1,1,1,31,123.67910456671078,1.0
1,1,1,1,1,12,1,29,187.0119859690863,11.0
1,1,0,1,1,1,0,28,224.35553279594882,1.0
1,1,0,0,1,6,0,27,202.53277516248863,6.0
1,1,0,0,1,6,0,26,134.10192092717438,6.0
1,0,0,0,0,1,0,25,78.70724571090106,1.0
1,0,0,0,1,6,0,31,340.4859508088439,6.0
0,1,0,1,1,1,1,31,25.81885731341528,1.0
1,1,1,0,1,12,0,35,349.43096802003936,12.0
1,1,0,0,1,6,1,33,184.8390730236288,6.0
1,1,0,0,1,1,1,30,55.61947842980217,1.0
0,1,0,0,1,1,0,28,38.585612352338146,1.0
1,0,1,0,1,12,1,30,252.3501358172282,9.0
1,1,1,1,1,6,0,26,156.842467734778,6.0
0,1,0,0,0,1,1,24,59.57040935099732,1.0
0,1,0,0,1,12,0,31,324.0922382613733,9.0
0,1,0,0,1,1,0,34,80.64236644584486,1.0
0,1,0,0,1,1,0,29,239.1554128213809,1.0
1,0,1,0,1,1,0,32,133.814877072407,1.0
1,1,1,0,1,1,1,29,5.929056495929984,1.0
1,1,1,1,1,12,1,28,232.76776026961585,12.0
0,1,0,1,0,1,0,26,48.555601856628726,1.0
0,1,0,1,1,6,1,32,88.46500917568234,5.0
0,0,0,0,1,12,0,29,309.1942360638702,12.0
1,1,0,0,1,1,0,25,255.5246491138197,1.0
0,1,1,0,0,6,1,29,116.96652054327735,6.0
1,1,0,0,0,1,0,34,164.18141094549048,1.0
1,0,0,0,1,1,0,28,228.61327894817111,1.0
1,1,1,0,1,1,1,30,50.81316584555975,1.0
1,1,1,1,1,12,1,30,158.03877779749197,12.0
1,1,1,0,0,1,0,34,141.43464596214284,1.0
1,0,0,0,1,12,1,32,181.9724384518055,12.0
1,1,1,1,1,12,1,28,149.99292263696586,7.0
1,1,1,0,1,1,0,30,306.1205141912804,1.0
0,1,0,0,1,1,0,25,0.3348235683106111,1.0
0,0,0,0,1,1,0,21,220.52906617307983,1.0
0,1,1,0,1,1,1,34,100.30108740405524,1.0
1,1,0,0,1,6,0,27,320.3787957943648,6.0
1,1,1,1,1,6,0,28,146.28846196656852,6.0
1,0,0,0,1,6,0,28,116.2842551344335,6.0
1,1,1,1,1,12,1,32,159.59360001312928,10.0
0,0,1,0,1,1,0,34,199.9308189806341,1.0
0,1,0,0,1,1,1,27,12.100220623214753,1.0
0,1,1,1,1,1,0,34,280.18949309903223,1.0
1,1,0,0,1,1,0,24,87.89789628863987,1.0
1,1,1,1,1,12,1,33,265.36068904125136,12.0
1,1,1,0,1,12,1,30,105.42264463481123,5.0
0,1,0,0,1,6,1,27,61.0003951730248,6.0
0,1,0,0,1,1,0,30,51.516250043594894,1.0
1,1,1,1,1,6,0,25,225.8754527650296,6.0
1,1,1,0,1,6,1,31,103.19795473544471,4.0
1,1,1,1,1,1,0,33,113.06648836737295,1.0
1,1,1,0,0,12,0,31,154.38334316901438,12.0
1,1,1,1,1,6,1,32,104.70589927002537,5.0
0,1,1,0,1,12,1,29,136.40909156405294,11.0
1,1,0,1,1,1,0,25,138.30218386311884,1.0
1,1,0,0,1,6,1,37,152.17147849511068,6.0
0,0,1,0,1,6,0,25,156.92181301354842,2.0
0,1,0,0,0,6,0,34,32.668597442285204,6.0
1,1,0,0,1,12,0,29,80.69451767553255,11.0
0,1,1,1,1,12,1,26,42.54207046904949,7.0
1,1,0,0,1,1,0,29,190.2347188178801,1.0
0,0,1,0,1,1,0,30,116.60365421713385,1.0
1,1,0,0,1,1,1,28,259.4925392993812,1.0
0,1,1,1,1,1,0,28,18.395600233551377,1.0
1,1,1,0,1,12,1,32,104.20410041882728,12.0
0,1,0,1,1,6,1,30,176.3503026828417,6.0
1,1,1,0,1,6,1,30,229.89588553109647,6.0
1,1,1,1,1,6,1,29,298.14645883717253,6.0
1,1,1,1,1,1,1,25,4.189988700227758,1.0
1,1,1,0,0,12,0,30,44.18266096267912,12.0
1,0,1,0,1,6,0,32,194.80452395500518,5.0
1,1,1,1,1,12,0,33,84.17675957769045,12.0
1,1,1,0,1,1,0,33,346.7792741013833,1.0
0,1,0,0,0,1,0,31,139.87734759651622,1.0
0,1,0,0,1,1,1,32,216.91683176499103,1.0
1,1,1,1,1,12,0,32,192.9372102306008,10.0
1,1,1,0,1,1,1,29,118.02224856016943,1.0
1,1,1,1,1,1,0,29,196.71383215927762,1.0
1,1,0,0,1,1,0,29,163.7763521748873,1.0
0,1,1,1,1,6,1,26,373.24788646020403,4.0
1,1,1,1,1,1,0,28,328.66440235923017,1.0
0,1,0,0,1,6,1,26,183.6656144649107,3.0
0,0,1,0,1,1,0,26,108.46296052538612,1.0
1,1,0,0,1,1,0,34,51.218426542294274,1.0
1,1,0,0,1,12,1,33,42.010471113228405,11.0
1,1,1,0,1,6,0,30,12.931778787543804,6.0
0,1,0,0,1,1,1,34,109.35466675767744,1.0
0,1,1,1,1,6,1,30,239.28879376053985,4.0
1,1,1,0,1,1,0,26,67.52874958799896,1.0
1,1,1,0,1,1,1,29,32.92231508121856,1.0
1,1,1,1,1,1,1,28,3.2390719037575764,1.0
0,0,1,0,1,1,0,33,163.36179926939394,1.0
0,1,1,0,1,1,0,28,174.94069396988723,1.0
1,1,0,0,1,1,1,26,5.261598726964992,1.0
1,1,1,0,1,1,0,27,81.39159316259322,1.0
1,1,0,0,1,1,0,33,286.2524317714632,1.0
1,1,0,0,1,1,0,33,135.75572190091845,1.0
0,1,0,0,0,12,0,30,149.0184084670977,11.0
0,0,0,0,1,1,0,24,145.2856254921621,1.0
1,1,1,1,1,1,0,30,14.538438688068734,1.0
0,1,0,0,1,6,0,26,310.62537024118944,6.0
0,0,1,0,1,1,1,29,161.04022116731872,1.0
1,1,0,0,1,1,1,30,76.13893020030291,1.0
1,1,0,0,1,1,0,27,61.4506174391214,1.0
0,1,0,0,1,1,0,28,207.4251549750289,1.0
0,1,0,1,1,1,0,29,328.2473825326099,1.0
1,1,1,0,1,1,0,31,203.21928907014683,1.0
1,0,0,0,1,1,0,35,167.33706157685208,1.0
0,0,1,0,1,6,1,30,252.3990410907629,6.0
1,1,1,0,1,1,0,26,81.25272981941947,1.0
1,1,0,1,1,12,1,29,139.39646650071342,11.0
1,1,1,1,1,12,1,33,219.88579102336854,12.0
1,1,0,0,1,1,0,28,85.94431764071707,1.0
0,1,1,0,1,1,0,26,197.1667874003609,1.0
1,0,0,0,1,1,0,24,217.24459738700162,1.0
0,1,1,1,1,1,0,25,129.06745334444608,1.0
0,1,0,0,1,6,0,30,143.85463250564248,6.0
1,1,1,1,1,12,1,34,271.59018515979596,8.0
1,1,0,0,1,1,1,26,41.33808738957686,1.0
0,1,0,0,1,6,0,29,71.3427422800318,6.0
1,1,0,0,1,1,1,33,207.72489760363825,1.0
1,1,1,1,1,1,0,32,196.59364288188672,1.0
0,0,0,0,1,6,0,31,471.72004011203126,6.0
1,1,1,0,1,12,1,25,39.77028719706775,9.0
0,1,0,1,1,6,0,35,194.8371329254604,5.0
1,1,1,1,1,12,0,32,125.35511261339457,8.0
1,0,1,0,1,1,0,31,288.73968403307214,1.0
1,1,1,1,1,12,1,28,264.5339635287026,8.0
1,1,0,0,1,6,1,32,152.52131233637158,6.0
0,1,0,0,1,6,0,25,197.64368761520626,6.0
0,1,1,1,1,1,0,27,34.55994978646498,1.0
1,1,0,1,1,12,0,29,43.30050361632486,12.0
1,1,0,1,1,6,0,30,60.00779669281559,6.0
1,1,0,0,1,1,1,26,240.06053468480155,1.0
1,1,1,1,1,1,0,30,117.0618704563532,1.0
0,1,1,1,1,6,0,28,48.658007909516144,6.0
0,1,1,0,1,1,1,30,291.30211250435667,1.0
0,1,1,1,1,12,0,32,168.0204105953429,10.0
0,1,0,0,1,1,1,27,118.91028046315157,1.0
1,1,1,1,1,12,0,30,48.160030468820636,10.0
1,1,0,0,0,6,1,30,9.998250593951894,6.0
0,1,1,1,1,6,0,34,261.2670825490127,6.0
1,1,1,0,0,1,0,24,181.9124787019408,1.0
1,1,0,0,1,12,0,22,67.75716592804261,4.0
1,1,1,0,1,1,0,32,153.4172148363532,1.0
1,1,0,0,1,6,0,32,202.33012089390786,6.0
1,1,1,0,1,6,0,29,108.2596089504158,6.0
0,0,0,0,0,1,0,35,204.70492760317558,1.0
1,1,0,0,1,1,0,30,194.16154639705601,1.0
1,1,1,1,1,1,0,30,187.9073802358684,1.0
1,1,1,1,1,6,0,32,57.69601982788742,4.0
0,1,0,0,1,1,0,29,119.74851154471304,1.0
0,1,1,1,1,12,0,29,281.5397843387354,12.0
1,1,0,0,0,6,0,32,2.5891702718595506,6.0
0,1,0,0,1,1,0,28,310.4076121579122,1.0
1,1,1,1,1,1,1,26,219.34605063960817,1.0
1,1,0,0,0,1,0,29,259.9882810152597,1.0
0,1,1,1,1,1,0,27,228.19605851306682,1.0
0,1,0,0,1,1,0,32,238.4945726653004,1.0
0,1,0,0,1,1,0,28,43.58971529754838,1.0
0,1,0,1,1,1,0,32,56.05500928435625,1.0
0,1,1,1,1,1,0,33,9.080424533735533,1.0
1,1,0,0,0,1,0,29,159.23139621643287,1.0
1,1,0,0,1,1,0,29,23.988456574485184,1.0
1,1,0,0,1,12,0,30,321.11917090014936,12.0
0,1,1,0,1,12,1,31,232.27161382815902,9.0
0,1,1,1,1,12,0,32,143.5799918067049,12.0
1,1,1,1,1,12,1,27,82.45427346755856,12.0
1,0,0,0,0,6,0,22,3.2689297972969342,6.0
1,1,1,1,1,12,1,28,135.2300915330788,12.0
0,1,1,1,1,12,1,28,3.1658895165642638,12.0
1,0,0,0,1,1,0,30,7.987912259061147,1.0
1,1,0,0,1,1,1,22,196.3683020694138,1.0
0,1,0,0,1,1,1,32,166.40115948657956,1.0
1,1,0,0,1,6,1,31,362.8976984383565,6.0
0,1,1,1,1,12,1,30,195.74656218651683,12.0
1,1,1,1,1,1,0,27,101.8486845377747,1.0
0,1,0,0,1,1,0,34,73.61050170880247,1.0
0,1,0,0,1,1,0,25,179.04388638742745,1.0
1,1,1,0,1,6,0,31,227.060008876528,6.0
1,1,1,0,1,1,1,30,184.4703772518837,1.0
0,1,1,1,1,1,1,32,345.12372176705077,1.0
0,1,0,0,1,1,0,25,56.36947044778832,1.0
1,1,0,1,1,12,1,25,117.43491868004976,12.0
0,0,0,0,1,1,1,29,221.93759407072082,1.0
0,1,1,0,1,12,0,26,71.19462307988763,12.0
0,1,1,1,1,12,1,28,130.26886420926263,12.0
0,1,0,0,1,1,1,30,128.85524594166526,1.0
0,1,1,1,1,1,1,27,49.498343155891895,1.0
0,1,0,0,1,1,1,32,59.841637707561254,1.0
1,1,1,1,1,12,1,30,345.84819694891405,12.0
0,1,0,0,1,1,1,31,33.946445786682204,1.0
0,1,0,0,1,6,0,33,157.82350509456643,6.0
0,1,0,0,1,1,0,32,287.1604714816639,1.0
0,1,0,1,1,1,0,32,279.11031392980505,1.0
1,1,1,1,1,6,1,26,293.2957217774857,6.0
1,1,0,0,1,1,0,25,42.475226605287425,1.0
1,0,1,1,1,6,0,29,19.93206914738324,6.0
1,1,1,0,1,1,0,30,40.380215750229546,1.0
0,1,0,0,1,6,1,31,160.03048618983226,6.0
1,1,0,0,1,12,0,26,50.244901267088935,12.0
1,1,0,0,1,1,0,29,18.09098889889038,1.0
0,1,0,0,1,6,1,28,17.623760540787963,6.0
1,1,0,1,1,6,1,26,231.394863155844,4.0
0,1,1,1,1,1,0,31,138.9532086857595,1.0
1,1,0,0,1,1,1,35,337.9071318763956,1.0
0,1,0,1,1,1,0,30,9.55256769926104,1.0
0,1,0,0,1,1,0,28,116.81074009446509,1.0
0,1,1,0,1,1,1,27,234.3025932717577,1.0
1,1,1,1,1,1,0,29,61.4688211544357,1.0
1,1,0,0,1,6,1,30,227.17142913368005,6.0
1,1,0,0,1,1,0,29,257.66087890491417,1.0
0,1,0,0,1,12,0,29,168.66022132617442,8.0
1,1,0,0,1,1,0,26,128.09281381746558,1.0
1,1,1,0,1,6,0,29,302.31196037128086,6.0
1,1,0,0,1,1,1,31,274.09964658961087,1.0
0,1,1,0,1,6,1,25,268.6862895657225,6.0
0,1,1,1,1,12,0,25,56.35929969393713,11.0
0,1,1,1,1,12,0,29,59.38630832241975,12.0
0,1,1,0,0,6,1,29,143.5164531808168,6.0
0,1,1,0,1,1,0,29,152.96584561050219,1.0
1,1,1,0,1,1,1,26,115.17095738142768,1.0
1,1,1,1,1,6,0,34,159.421115710621,5.0
0,0,1,0,1,1,0,26,62.02465793111784,1.0
1,1,1,1,1,12,1,34,149.88117082862337,6.0
1,1,1,1,1,6,0,29,64.97090860225768,2.0
0,1,1,1,1,1,1,27,35.283596303171294,1.0
0,1,0,0,1,1,0,31,148.2692083351537,1.0
0,1,1,1,1,1,1,36,36.30725590471878,1.0
1,1,0,1,1,12,0,31,33.37785318918468,12.0
0,1,1,1,1,12,1,28,240.91897299440498,12.0
1,1,1,1,1,1,0,31,83.44448096123844,1.0
0,1,1,0,1,1,0,27,225.7697071656894,1.0
0,1,0,0,1,6,1,30,27.58057297858037,6.0
1,1,0,0,1,12,1,25,161.38586347957494,12.0
0,1,1,1,0,1,1,28,127.39120815097557,1.0
0,1,1,1,1,12,1,27,62.19984392507762,12.0
1,1,1,1,1,1,1,29,101.84195361384243,1.0
1,1,0,0,1,1,0,22,31.396453727065364,1.0
0,1,0,0,1,1,1,28,51.1533679745751,1.0
0,1,0,0,1,6,1,28,145.58624686546077,6.0
0,1,0,0,1,12,1,26,255.7402663280907,12.0
0,1,1,1,1,1,0,29,156.82126129219395,1.0
1,1,1,0,1,12,1,29,93.12946449801888,12.0
0,1,1,0,1,6,0,29,59.229563227093756,6.0
1,1,1,0,1,6,1,37,74.83757181199394,6.0
0,1,0,0,1,1,0,32,214.3295408993227,1.0
1,1,0,0,1,1,0,28,91.20599600574808,1.0
1,0,1,0,1,1,0,33,53.74486893713934,1.0
1,1,1,1,1,6,0,36,178.314911147962,6.0
1,1,0,0,1,1,0,28,28.57868984800108,1.0
1,0,1,0,0,1,0,32,2.180115441002087,1.0
1,1,1,0,1,1,1,28,98.68214946527486,1.0
1,0,1,1,1,6,0,33,67.3447431949821,6.0
1,1,0,0,1,1,1,28,63.07917573304768,1.0
0,1,1,1,1,1,0,32,173.50765943032914,1.0
0,1,1,1,1,6,0,26,142.88517376243237,6.0
0,1,0,0,0,1,1,32,221.0534644476744,1.0
1,0,1,0,1,1,0,31,167.70260869183872,1.0
1,0,0,0,1,1,0,27,23.89637546986189,1.0
1,1,0,0,1,12,1,33,229.1895291799069,12.0
0,0,0,0,1,1,0,24,243.66259986858486,1.0
0,0,0,0,1,1,0,29,54.07333897184201,1.0
1,1,1,0,0,1,1,26,131.3605275699522,1.0
0,1,1,0,1,6,0,25,96.17340570398778,6.0
0,1,0,0,1,1,1,28,60.05534993154515,1.0
0,1,1,1,1,1,0,28,26.070703906078897,1.0
1,1,1,1,1,12,1,35,325.54060315203526,12.0
1,1,0,0,1,1,1,32,8.472368186635066,1.0
1,1,0,0,1,1,1,31,394.79547441394766,1.0
1,1,0,0,1,1,1,30,92.21825100719565,1.0
0,1,1,1,1,6,0,27,179.0483736580258,5.0
0,0,0,0,1,1,0,28,19.49000912905888,1.0
0,0,0,0,1,1,1,28,94.71036824536486,1.0
1,1,1,1,0,12,1,26,224.46359820025043,10.0
1,1,0,0,1,1,0,27,7.5067039888645875,1.0
0,1,1,0,1,12,0,28,232.99090787384208,4.0
1,1,1,1,1,6,0,32,48.13781614262173,6.0
0,1,0,0,1,1,1,32,246.6012882497685,1.0
0,1,1,0,1,1,0,28,55.772209155600535,1.0
0,1,1,1,1,12,0,30,192.09931802030601,12.0
1,1,0,0,1,1,1,30,456.86100148390966,1.0
1,1,0,0,1,1,0,30,425.53522047692115,1.0
0,1,0,0,1,1,0,31,14.399206134154069,1.0
0,1,0,0,1,1,0,26,218.61895561184951,1.0
0,1,1,1,1,12,1,27,58.57864684872256,11.0
0,1,0,0,1,1,0,32,199.88701941973,1.0
0,0,1,0,1,6,0,28,75.70579418978195,5.0
1,1,0,0,1,1,0,24,17.8547344921962,1.0
1,1,0,0,1,1,1,35,18.233606192649148,1.0
1,1,0,1,1,1,0,28,54.87087155545128,1.0
1,1,0,0,1,1,1,33,311.7247875501185,1.0
1,1,1,1,1,12,1,34,245.7797284163932,12.0
0,1,1,1,1,1,0,29,89.91202181925794,1.0
0,1,0,1,1,6,0,29,184.08269728679198,6.0
1,0,1,1,1,6,1,26,59.665270619950036,6.0
1,1,0,0,1,1,1,27,117.52105528313601,1.0
0,1,1,1,1,12,1,27,153.07601869924684,12.0
1,1,0,0,1,1,1,29,37.79489985736628,1.0
0,1,0,0,1,1,0,32,0.9433185865703422,1.0
0,1,1,1,1,6,1,28,201.67313571114934,6.0
1,1,1,1,1,12,0,32,211.32239257330903,12.0
0,1,0,0,1,12,1,35,74.88293071725845,12.0
0,1,1,1,1,6,1,31,55.58756498408076,6.0
1,1,0,0,1,1,0,24,173.76406606402543,1.0
0,1,1,0,1,1,0,32,152.5687083664238,1.0
0,0,0,0,1,1,0,29,4.630351037434764,1.0
1,1,0,0,1,6,0,31,221.67747017903625,6.0
1,1,0,0,1,1,0,33,206.8352684154641,1.0
1,1,1,0,1,12,0,31,215.97759170385945,12.0
0,1,1,1,1,1,1,26,152.95560685325694,1.0
1,0,1,0,1,1,0,23,183.11074335295223,1.0
1,1,1,1,1,12,1,31,190.51429018894825,12.0
0,1,1,1,1,12,0,31,204.57045133869133,12.0
0,0,1,0,1,12,0,29,39.09382717035857,11.0
0,0,1,0,1,1,0,23,59.192740694667435,1.0
1,0,0,0,1,1,0,34,224.20861132307869,1.0
1,1,1,0,1,1,0,28,116.02472080718088,1.0
1,1,0,0,1,1,0,36,137.61677366409492,1.0
1,1,1,1,1,1,0,30,201.57014305093307,1.0
0,0,1,0,1,1,0,30,310.4628617740674,1.0
1,1,0,1,1,1,0,33,292.3168044595096,1.0
0,1,1,0,0,1,0,27,496.1722220804551,1.0
0,1,1,0,1,1,0,34,75.50080207184851,1.0
1,0,1,0,1,1,1,29,21.256168705279805,1.0
1,1,1,0,1,1,1,35,99.65512311896104,1.0
1,0,1,0,1,1,0,23,216.5910378961341,1.0
0,1,1,1,1,6,0,32,165.03837318427043,4.0
1,1,0,0,1,1,0,37,188.76465748197063,1.0
1,1,0,0,1,1,0,28,79.20902953822464,1.0
1,1,1,0,1,12,1,30,137.23037021991678,9.0
0,0,1,0,0,1,1,27,92.0511656338824,1.0
1,1,1,1,1,1,1,30,71.77278889365212,1.0
1,1,0,0,1,1,0,27,155.92322580353354,1.0
1,1,1,1,1,12,1,29,193.73201138952058,12.0
0,1,1,0,1,12,1,29,193.1768301019859,7.0
1,1,1,1,1,12,0,35,5.199042498593023,11.0
0,1,1,0,1,12,0,28,121.18079892422837,12.0
1,1,1,1,1,1,1,28,189.47621580444985,1.0
1,0,1,0,1,1,0,27,350.51011670950464,1.0
1,0,1,1,1,6,1,35,149.19779155724697,6.0
1,1,1,1,1,6,0,32,222.52749895521598,6.0
0,1,0,0,1,12,1,31,280.9207345135066,12.0
1,1,1,0,1,1,0,30,205.81650761642803,1.0
0,1,0,0,0,1,0,29,54.052672227394105,1.0
1,1,0,0,1,1,0,28,17.772091721031202,1.0
0,1,0,0,1,1,0,25,237.22248805030486,1.0
0,1,1,0,1,12,0,30,127.55576124644222,11.0
0,1,0,0,0,1,1,32,126.00169600754863,1.0
0,1,0,0,1,1,1,27,69.35291737760048,1.0
1,1,1,1,1,1,0,24,375.75529083721045,1.0
0,1,1,1,0,6,0,31,169.42143487226238,5.0
0,1,0,0,1,6,0,24,168.92471893292333,6.0
1,0,0,0,1,1,0,32,135.20355068125158,1.0
1,1,1,1,1,6,1,32,129.99140728108637,2.0
0,1,1,1,1,12,0,32,338.4241661275001,12.0
1,1,1,0,1,12,0,27,32.123603937053325,12.0
0,1,1,1,1,12,0,29,102.58120723641424,12.0
0,0,0,0,1,6,0,34,34.701386406470235,6.0
1,1,0,0,1,1,1,28,118.81919667461632,1.0
1,1,1,0,1,12,0,29,64.44301403977897,12.0
0,1,0,0,1,6,0,32,101.20926614178587,6.0
0,1,0,0,1,1,0,29,99.24557807995632,1.0
1,1,0,0,1,1,0,24,45.13331593094766,1.0
0,1,0,0,1,6,0,32,26.70351201556737,6.0
0,1,0,0,1,1,1,35,191.05885051093387,1.0
1,1,0,0,1,1,0,30,66.31893572721117,1.0
0,1,0,1,1,1,0,31,169.54290001539223,1.0
0,0,1,0,1,1,0,31,98.83418230965091,1.0
0,1,1,1,1,12,1,30,270.3463020649923,12.0
1,1,0,0,1,12,0,27,232.10790286303504,12.0
0,1,0,0,1,1,0,31,109.26289429297924,1.0
1,1,1,1,1,12,0,31,261.2371480499884,12.0
1,1,0,1,0,1,0,25,196.62867081527043,1.0
0,1,1,1,1,1,1,26,183.07827984017644,1.0
1,1,0,0,1,6,1,29,310.14786832180783,6.0
1,1,0,1,1,1,1,26,69.57646991332932,1.0
1,1,0,0,1,1,0,24,288.16018239102266,1.0
1,1,1,1,1,12,0,34,5.957877301761697,12.0
0,0,1,0,1,1,0,23,296.67022907285013,1.0
1,0,0,0,1,1,0,31,42.29863539194412,1.0
0,0,1,0,0,1,0,30,124.55484359318905,1.0
0,1,1,0,1,1,1,27,103.81231845377226,1.0
1,1,1,1,1,12,1,32,234.7402340909528,12.0
1,1,1,0,0,1,1,28,240.65648191655498,1.0
0,0,0,0,1,1,0,36,362.34552480864136,1.0
1,1,0,0,1,12,1,34,81.29638291895674,12.0
0,1,1,1,1,12,1,30,108.45968208200908,9.0
1,1,1,1,1,6,0,31,176.28226516538703,6.0
0,1,1,0,1,12,0,32,365.5585139934584,11.0
1,1,0,0,1,1,1,33,23.100524134753066,1.0
1,1,0,0,1,1,0,22,237.0794250204811,1.0
1,1,0,0,1,6,1,27,155.80568601012595,6.0
1,1,0,0,1,1,1,29,111.77468624640908,1.0
0,1,0,0,1,6,0,34,363.31889717407296,6.0
0,1,1,1,1,12,0,24,255.24565308331626,12.0
1,0,0,0,1,1,0,29,115.2125618090216,1.0
0,1,1,1,0,6,1,35,8.370904091316987,6.0
1,1,0,0,1,6,0,29,147.67471902038508,6.0
0,0,0,0,1,1,0,29,87.26608911298666,1.0
0,0,0,0,1,1,0,30,201.79142498640167,1.0
0,0,0,0,1,1,1,26,159.68200907652113,1.0
1,1,0,1,1,6,1,36,261.0134978581957,6.0
0,1,1,0,1,1,0,24,100.72832397271372,1.0
0,1,0,0,0,1,0,32,171.0220523353429,1.0
1,1,0,0,1,6,0,34,134.9377816085842,6.0
1,0,1,0,1,1,0,25,193.81669022278686,1.0
1,1,1,0,1,12,1,30,158.65750092923764,9.0
0,1,0,0,1,6,0,28,282.56430179063483,6.0
0,1,1,0,1,1,0,27,55.88104650927875,1.0
0,1,0,0,1,12,1,28,194.02769743192158,9.0
0,1,0,0,1,1,0,28,144.8470801998805,1.0
1,1,0,0,1,1,0,32,105.95784559563214,1.0
0,1,0,0,1,6,1,32,294.6359713464845,6.0
0,1,1,1,1,6,0,30,60.655322625988035,6.0
0,1,1,1,1,1,0,26,74.66544748136194,1.0
0,1,1,1,1,12,0,29,357.0122473307043,12.0
0,1,1,1,1,12,0,30,229.4462393208751,12.0
0,1,1,0,1,1,1,27,114.66854423543869,1.0
0,1,1,0,1,1,0,31,160.40590652075176,1.0
1,1,0,1,1,1,1,31,0.4108930359215179,1.0
0,0,0,0,1,6,1,24,156.19330113630468,6.0
0,1,0,0,1,1,1,32,287.04901689201364,1.0
1,1,1,0,1,1,1,29,131.87025155435384,1.0
1,1,0,0,1,1,0,33,32.3413982098045,1.0
0,1,0,0,1,1,0,30,246.3263024664701,1.0
1,1,0,0,1,12,1,28,31.006722472183604,12.0
0,1,0,0,1,1,0,30,142.99677302200232,1.0
0,1,1,1,1,12,1,30,195.56328020719613,12.0
1,1,0,0,1,1,0,29,124.16013788084507,1.0
0,1,0,0,1,1,1,31,346.9666468873719,1.0
0,0,1,0,1,1,0,25,113.0569150585943,1.0
1,1,1,1,1,1,1,33,51.443037548571844,1.0
0,1,0,0,1,6,1,24,173.2273602807216,6.0
1,1,1,0,1,1,0,33,51.28456656235029,1.0
1,1,0,0,0,1,0,28,101.82871690698677,1.0
1,1,0,0,1,6,0,25,137.1395888495034,6.0
0,1,0,0,1,1,1,31,160.36937586054438,1.0
1,1,0,0,1,1,1,25,158.87909048734542,1.0
0,1,0,0,0,12,1,28,6.993190265074809,11.0
0,1,1,1,1,12,0,34,361.29622816600425,12.0
1,1,0,0,1,1,1,35,32.16694848761271,1.0
1,1,0,0,1,1,0,33,115.32501021116951,1.0
0,1,1,1,1,12,1,32,123.57555168959429,12.0
0,1,0,0,1,6,0,25,258.4058234396275,6.0
1,0,0,0,1,1,1,27,49.90780454179699,1.0
1,1,1,1,1,12,1,33,281.8683381834851,12.0
1,1,0,0,0,12,0,31,201.9429589966568,11.0
1,1,0,0,1,1,0,34,41.01169353384233,1.0
0,1,1,1,1,1,0,30,339.56885035097173,1.0
0,1,0,0,1,6,0,35,72.6233475238299,6.0
1,1,0,0,1,1,1,26,113.69594268606258,1.0
1,1,1,1,1,6,1,32,110.83994341421322,6.0
0,0,0,0,0,1,0,29,141.50740588320127,1.0
0,1,0,0,1,1,1,31,250.32118868398567,1.0
1,1,0,0,1,1,0,35,316.0417226702501,1.0
0,1,1,0,1,1,0,26,91.19759898952351,1.0
0,1,1,1,1,12,1,31,130.34791564661552,10.0
1,1,0,0,1,6,0,28,112.92375123596895,6.0
1,1,0,0,1,12,1,26,197.67022051750354,12.0
1,1,0,0,1,6,1,36,134.7506345149773,6.0
1,1,0,0,1,1,1,32,234.08485400597363,1.0
0,1,1,1,1,12,0,33,158.7568919483687,10.0
1,1,1,1,1,12,1,30,351.3561734114405,12.0
1,1,0,0,1,12,1,29,209.1380241203951,12.0
1,1,1,1,1,1,0,28,207.69433274801798,1.0
1,1,1,0,1,12,0,26,63.17050998979961,12.0
0,1,0,0,1,1,0,24,118.50776680054341,1.0
1,1,0,0,1,12,1,35,255.2321785638156,12.0
0,1,1,1,1,6,1,33,11.99348778243183,6.0
0,1,1,0,1,1,0,26,24.081862206046928,1.0
0,0,0,0,1,6,0,32,218.9318213308604,6.0
1,1,0,0,1,1,0,30,271.4860963537774,1.0
1,1,0,0,1,1,0,27,49.39287900705969,1.0
0,1,0,0,1,12,1,28,213.76323011797692,12.0
0,1,0,0,1,1,0,32,45.04497771918898,1.0
0,1,1,0,1,1,0,33,161.66118116055085,1.0
0,1,0,0,1,6,0,31,46.97199025182829,4.0
0,1,1,1,1,12,0,31,259.26030778907244,11.0
1,1,0,0,1,6,0,30,126.52589320436873,6.0
0,1,1,1,1,6,0,33,177.32579080327906,6.0
1,1,1,0,1,1,0,32,173.58332855233147,1.0
0,0,1,0,1,1,0,35,47.746878947286966,1.0
0,0,1,0,0,1,1,26,464.0687491989788,1.0
0,1,0,0,1,6,0,38,221.172794196716,6.0
1,0,1,0,1,1,0,33,144.9087805444967,1.0
1,0,1,0,1,1,0,32,5.722479279666629,1.0
1,1,1,0,1,12,1,33,16.493166944934934,12.0
0,0,0,0,1,1,0,30,8.986540629612024,1.0
0,1,0,0,1,12,1,32,246.47038229438562,11.0
1,1,0,0,1,1,0,28,66.90334130077211,1.0
1,1,1,0,0,12,0,28,368.4949689946848,11.0
0,0,1,0,1,12,1,28,25.61943301718059,11.0
0,1,1,1,1,12,0,29,60.475036766282514,12.0
0,1,1,0,1,12,0,28,159.54438674955531,9.0
0,1,0,0,1,1,0,25,23.89402938192137,1.0
1,1,0,0,1,1,1,28,87.35241925398563,1.0
0,0,1,0,1,1,1,26,87.21669806482393,1.0
0,1,0,0,1,1,0,18,71.40408926819354,1.0
1,1,0,0,1,1,1,30,69.47113804619805,1.0
1,1,1,1,0,12,0,32,195.72590796365824,12.0
0,1,0,0,1,12,1,33,179.28395899904496,10.0
0,1,1,1,1,12,1,33,271.6397946173294,12.0
1,1,1,1,1,6,1,31,70.61074398557135,6.0
0,1,1,1,1,12,0,31,145.04029809995288,10.0
0,1,1,1,1,1,0,32,114.32133794592444,1.0
0,1,1,0,1,1,0,30,268.70920155123605,1.0
0,0,1,0,1,1,0,21,61.50333009724754,1.0
0,1,1,0,1,6,0,34,148.68241588319478,6.0
1,1,1,0,0,1,1,27,101.45200235110045,1.0
1,1,1,1,1,1,0,31,82.58416176479749,1.0
0,1,1,0,1,12,1,29,109.3011786286408,12.0
0,1,0,0,1,6,0,35,166.56820423947997,6.0
1,0,1,1,1,1,0,30,11.871219441523971,1.0
0,1,0,0,0,1,0,38,89.755916185696,1.0
0,1,0,0,1,1,0,27,205.8991357645636,1.0
0,1,1,1,1,6,1,25,49.84457773808377,6.0
1,0,1,0,1,1,1,24,147.63727902465442,1.0
1,0,1,0,1,6,0,29,10.114007287014338,2.0
1,1,1,1,1,6,0,37,124.7367978807107,6.0
1,1,1,1,1,6,0,37,229.29686820285642,6.0
0,1,1,1,1,12,1,30,104.33377062295588,10.0
1,1,1,1,1,1,0,30,334.37441971490705,1.0
0,1,1,1,1,1,0,29,134.99627329963988,1.0
1,1,1,0,1,6,0,26,206.82408327930855,6.0
1,0,1,0,1,12,1,33,206.06131488993321,12.0
1,1,1,1,1,1,0,27,265.0530851562329,1.0
0,1,1,0,1,12,1,27,159.51678677088944,8.0
1,1,1,1,1,1,1,31,8.451491054816046,1.0
0,1,0,0,1,1,1,31,167.97541919522024,1.0
1,1,0,0,1,1,1,24,347.67228960508737,1.0
1,0,1,0,1,12,1,31,204.55235273420865,12.0
1,1,0,0,1,1,0,28,93.15518358353971,1.0
1,0,1,0,1,1,0,29,38.91304582911368,1.0
0,0,1,0,1,12,0,26,135.2518881980506,12.0
0,1,0,0,1,1,0,30,25.35211056853969,1.0
1,1,0,1,0,12,1,24,129.83334478773315,12.0
0,0,0,0,1,1,0,27,5.06310536304926,1.0
1,0,0,0,1,1,1,27,100.47890284802584,1.0
0,1,0,0,1,1,1,27,200.36637762785247,1.0
1,0,0,0,1,1,0,31,16.854517950254085,1.0
1,1,0,0,1,1,1,30,234.7228768353965,1.0
1,1,0,0,1,12,1,25,243.12811272093663,12.0
0,0,0,0,1,1,0,30,80.32928832575759,1.0
0,1,1,1,0,12,0,27,280.4896165596497,12.0
1,1,1,1,1,12,1,31,103.97470661962221,12.0
1,1,1,1,1,1,1,31,238.42359359744918,1.0
0,1,1,0,1,6,0,27,228.2471864593847,6.0
0,1,1,0,1,6,0,29,51.7796980551268,6.0
1,1,0,0,1,12,1,30,185.11083662502048,12.0
1,1,1,0,1,12,0,27,257.9986652381029,12.0
1,1,0,0,1,12,0,32,221.30882368096732,9.0
0,1,0,0,1,6,1,30,54.6292203599181,6.0
1,1,0,0,0,6,0,34,249.45797478588685,6.0
0,1,1,0,1,6,1,29,325.7809389570398,6.0
0,0,1,0,1,12,1,32,281.190434108026,12.0
1,0,1,0,1,6,0,29,37.1450463827162,6.0
1,1,1,1,1,1,0,27,58.747218643962185,1.0
1,0,0,0,1,1,0,26,209.48488285786078,1.0
0,1,0,0,1,6,1,22,153.16483565325044,6.0
0,1,1,1,1,1,0,31,350.79781890521417,1.0
0,1,1,1,0,12,1,34,232.7044205182019,11.0
1,1,0,0,1,1,0,29,109.46831082481577,1.0
1,1,1,1,1,1,0,34,153.9678076820654,1.0
0,1,1,1,1,1,0,29,124.24274051037412,1.0
0,0,0,0,1,6,0,26,137.53325645278665,6.0
0,0,0,0,1,1,0,28,180.6152930841129,1.0
0,1,0,0,1,1,1,36,154.95164493947104,1.0
0,1,1,1,1,6,1,33,230.401346102602,5.0
1,1,0,0,1,6,0,33,329.80337897166413,6.0
1,1,0,0,1,1,1,27,195.21587596139182,1.0
0,1,0,0,1,1,0,31,34.69161624542308,1.0
1,1,1,0,1,6,1,34,275.425982501504,6.0
1,1,0,0,1,1,0,29,223.64230947119117,1.0
0,1,1,1,1,12,1,30,102.7008072359821,12.0
1,1,0,1,1,12,0,35,105.32290199314808,12.0
1,1,0,0,1,1,1,35,373.9160065171904,1.0
0,1,1,1,0,6,1,29,138.0179644638296,6.0
0,1,1,1,1,6,0,30,257.1629899232398,6.0
0,0,0,0,1,1,0,29,11.57367528072838,1.0
1,1,1,0,0,6,0,29,192.6375047181771,6.0
0,0,1,0,1,6,0,28,173.6093595490136,6.0
1,0,0,0,1,1,0,23,52.4402248776491,1.0
0,1,1,1,1,12,0,32,48.13170838768296,12.0
0,1,1,0,1,6,0,33,431.0616358566786,6.0
1,1,0,0,1,1,1,32,250.28125390642955,1.0
1,1,1,1,0,12,1,31,286.66697288143405,11.0
1,1,1,0,1,1,1,34,170.2636937510836,1.0
0,1,1,0,1,12,0,32,488.70817494353037,12.0
0,1,1,0,1,6,1,25,89.20827799246409,6.0
1,0,1,0,0,12,0,29,295.60378766339363,12.0
0,1,1,1,1,6,0,30,302.1540280224865,4.0
0,1,0,0,1,1,0,29,7.103332593320445,1.0
1,1,0,0,1,1,0,38,248.94850825420082,1.0
0,1,1,1,1,12,0,31,319.2921180656057,11.0
0,1,0,0,1,1,0,26,179.04945436441864,1.0
0,1,0,0,1,1,0,25,96.34172922756298,1.0
0,1,1,0,1,6,0,28,289.8127998634638,6.0
1,0,0,0,1,1,0,30,1.1049240231521438,1.0
1,1,1,1,1,6,1,28,31.32771462637393,6.0
0,1,1,0,1,1,1,25,70.92976572872263,1.0
1,1,0,0,1,1,0,27,307.4093453841249,1.0
1,0,1,0,1,1,0,30,178.78232599904794,1.0
1,1,0,0,1,1,1,29,94.82542641645796,1.0
1,1,1,1,1,12,0,29,223.87910772488618,11.0
0,1,1,1,1,1,1,29,180.53721927577686,1.0
0,0,0,0,1,1,0,32,93.01420598572456,1.0
0,0,1,0,1,1,0,24,26.70998808886806,1.0
1,1,0,0,1,6,1,29,228.68594044026,6.0
1,1,0,0,1,1,0,29,98.67198623526613,1.0
1,1,1,0,1,12,0,27,236.63233924104577,12.0
1,1,0,0,0,1,0,27,57.485910225070846,1.0
1,1,1,1,1,12,0,24,311.3521954849955,11.0
0,0,0,0,1,12,0,26,208.131792308634,12.0
0,1,0,0,1,1,1,32,124.3176105978982,1.0
1,1,1,0,1,1,0,33,267.0834261514069,1.0
0,0,0,0,0,1,0,24,199.4616137320715,1.0
1,1,0,0,1,1,1,33,29.741681326631266,1.0
0,1,0,0,1,1,0,22,64.13694399723272,1.0
1,1,1,1,0,1,1,33,235.5635937032917,1.0
0,1,0,0,0,12,1,35,131.79627904766465,8.0
1,1,1,0,1,1,0,32,101.18797198883078,1.0
0,1,0,0,1,1,0,29,110.69864985346842,1.0
1,1,1,0,1,12,0,27,230.0708812621233,10.0
1,1,0,0,1,6,0,30,118.78244080895892,6.0
1,1,0,0,1,1,0,30,26.248172330154638,1.0
1,1,0,0,1,1,0,27,35.229832876578804,1.0
0,1,1,1,1,1,0,32,248.84289215549708,1.0
0,1,1,1,0,12,0,31,378.6187926752971,10.0
1,1,0,0,1,1,0,32,213.3224561475745,1.0
0,1,0,0,1,1,0,34,58.40813616814825,1.0
1,1,0,0,1,1,0,24,101.94383794052952,1.0
1,1,0,0,1,1,0,24,92.828875225227,1.0
0,0,1,1,1,1,0,31,224.45691131368503,1.0
1,1,0,0,1,6,0,28,22.1976115650466,6.0
1,1,1,0,1,1,0,27,162.813871297363,1.0
1,1,0,1,1,1,1,29,21.339687705005915,1.0
0,1,0,0,1,12,1,35,165.99660787343774,11.0
0,1,0,0,1,1,0,27,50.04491032947175,1.0
1,1,1,1,1,12,1,26,72.54980035210987,12.0
1,1,1,1,1,12,1,31,8.266698903426388,12.0
1,0,0,0,1,1,0,29,125.67847456488691,1.0
0,1,1,1,1,6,1,31,69.00141998143971,6.0
1,1,0,0,1,1,0,32,55.95104603388661,1.0
0,1,0,0,1,1,0,26,58.21169995052708,1.0
0,1,0,0,1,1,1,27,142.55073391255368,1.0
0,1,1,1,1,1,0,27,215.15298316867413,1.0
0,1,0,0,0,1,1,27,119.98887046029851,1.0
0,1,1,0,1,1,1,28,47.45405074759345,1.0
1,1,0,0,0,12,1,27,91.841060010592,12.0
0,0,1,0,0,1,0,29,20.34780049025437,1.0
0,0,1,0,1,1,0,18,28.7346928564267,1.0
1,1,1,1,1,12,1,33,274.32697343979663,11.0
0,1,1,1,1,6,1,31,255.1175433309209,6.0
1,1,1,0,1,1,0,29,4.256390294472851,1.0
1,1,0,0,1,1,1,32,405.8441405796576,1.0
1,1,1,0,0,1,0,30,105.18979344423643,1.0
1,1,0,0,0,1,0,25,62.3064447312261,1.0
1,1,1,1,1,12,0,32,160.8226506598379,12.0
0,1,1,1,1,12,1,33,213.21370162175808,12.0
1,0,0,0,1,1,0,28,165.68858007558399,1.0
1,1,0,0,1,6,1,29,83.6579608158755,6.0
1,1,0,0,1,1,1,29,98.0728031121458,1.0
1,1,1,0,1,6,1,27,262.7623568881395,2.0
1,1,0,0,1,12,1,26,251.69534165157268,12.0
1,1,0,1,1,1,1,25,50.19541144228302,1.0
0,1,0,0,1,1,0,30,320.47645463243117,1.0
1,1,1,1,1,1,1,27,147.75864871399506,1.0
1,1,1,0,1,12,0,30,332.77645030996075,12.0
1,1,1,0,1,1,0,28,351.60657255163767,1.0
1,1,0,0,1,1,1,27,203.1344079344667,1.0
1,1,0,1,1,1,0,31,123.63491565645748,1.0
1,1,1,1,1,1,0,28,47.12814625534495,1.0
1,1,1,0,1,12,1,31,68.75684461024284,8.0
1,1,1,0,1,6,1,28,25.22721716371293,4.0
1,0,1,0,1,1,1,30,168.61869638019078,1.0
1,1,1,0,0,6,0,28,91.70317447452562,6.0
1,1,1,1,1,12,0,32,242.04098701994232,11.0
0,1,1,0,1,12,0,32,265.5147660688039,12.0
1,1,0,0,1,1,0,26,103.7244127518117,1.0
1,1,1,1,1,6,0,35,105.05721562274056,6.0
0,1,0,0,0,1,0,27,10.78233283767714,1.0
0,1,0,0,1,1,1,31,16.314205335654542,1.0
1,1,1,0,1,6,1,29,94.68663209511934,5.0
1,0,1,0,1,1,0,26,75.80322779393867,1.0
0,1,0,0,0,1,1,33,50.26914188288075,1.0
0,1,0,0,0,1,0,31,107.43784539966823,1.0
1,1,1,1,1,1,0,30,116.43402516871737,1.0
0,1,0,0,1,1,0,30,192.6911041431129,1.0
0,0,0,0,1,6,0,26,105.7916373034906,3.0
1,1,1,0,1,6,0,32,256.5522985282072,6.0
1,1,1,0,1,1,1,30,106.69223346670636,1.0
1,1,1,0,1,1,0,28,96.3704202230693,1.0
0,1,1,1,1,1,0,24,92.96148987100658,1.0
0,1,0,0,0,1,0,25,5.0769744929305185,1.0
1,1,0,0,1,1,0,30,69.47434640294854,1.0
0,1,0,0,1,1,1,28,203.7103787173457,1.0
1,1,0,1,0,12,1,36,117.4459820275226,12.0
1,0,1,0,1,1,0,29,31.690750054213037,1.0
1,1,0,0,0,1,1,32,76.83875499653651,1.0
1,1,0,0,1,1,1,35,177.9937141380842,1.0
0,1,0,0,1,1,0,25,102.44735205826244,1.0
1,1,1,1,1,12,0,25,9.054828242223692,9.0
0,1,1,1,1,6,1,29,113.62858043834541,6.0
1,1,0,0,1,1,0,25,126.82386105896065,1.0
1,1,1,1,1,1,1,29,342.0612264991587,1.0
1,0,1,0,1,6,0,29,369.05957482955716,6.0
1,1,1,0,1,6,0,29,231.48836151468086,5.0
1,1,1,1,1,6,1,27,0.1482047884566242,6.0
0,1,0,0,1,1,1,30,82.487277219383,1.0
0,1,0,0,1,1,1,31,279.19318226962145,1.0
1,1,1,1,1,6,0,29,161.44137270782485,6.0
1,1,1,0,1,1,0,31,217.5776574811929,1.0
0,1,1,1,1,6,1,29,301.9074849970716,6.0
1,1,0,0,0,12,1,35,214.45026205757526,12.0
1,1,1,1,1,1,0,28,61.938942131928385,1.0
1,1,0,0,1,1,1,20,155.59750612067876,1.0
0,1,1,0,1,12,1,33,147.134116653729,12.0
0,1,0,0,1,6,0,30,372.46011736602617,5.0
1,1,0,0,1,12,0,34,244.0637353105674,8.0
1,1,0,0,1,1,1,34,302.7173195878199,1.0
0,0,0,0,1,1,0,36,58.63401423119765,1.0
0,1,1,0,0,1,0,23,20.958724942870475,1.0
0,0,0,0,1,1,0,29,190.73462529858227,1.0
0,1,1,1,1,1,0,28,86.64991796017773,1.0
0,1,1,0,0,12,1,29,138.9886525171069,12.0
1,1,0,0,0,1,0,30,185.06434569265872,1.0
0,1,0,0,1,6,0,30,440.65348985396963,6.0
1,1,1,1,0,1,0,26,122.18072738411362,1.0
0,1,0,0,1,6,0,28,245.70844176962208,6.0
1,1,1,1,1,6,0,29,66.48828540170206,6.0
0,1,1,1,1,12,0,28,146.35732457091146,7.0
1,0,0,0,1,1,0,30,210.89903682435408,1.0
0,1,1,1,1,12,1,31,82.88604280586168,11.0
1,1,0,0,0,1,0,30,32.34499359541026,1.0
0,1,1,1,1,1,1,33,21.03115772969608,1.0
0,1,0,0,1,6,0,27,264.7106939495053,6.0
1,0,1,0,1,1,1,31,62.73571962833188,1.0
0,1,1,0,1,12,0,29,69.7507555190577,11.0
1,1,0,0,1,6,1,27,167.55786118285133,6.0
1,1,0,0,1,1,1,31,54.42850296110564,1.0
0,1,0,0,1,1,0,30,177.75935275720082,1.0
0,1,0,0,1,1,1,24,31.941973792593245,1.0
0,1,0,0,0,12,1,33,145.54998538793023,12.0
1,1,0,0,0,6,1,24,160.51620266408364,6.0
0,0,0,0,1,6,0,27,374.08906569435584,5.0
1,1,1,1,1,12,1,31,93.41423352960301,10.0
1,1,1,1,1,12,0,29,59.041552313092296,12.0
0,1,0,0,1,1,1,33,323.53371547709753,1.0
1,1,1,0,1,12,1,30,7.994521114316613,12.0
0,1,0,0,1,12,1,33,54.60054529476375,11.0
1,1,1,0,1,6,0,27,180.67678835633282,5.0
0,1,1,1,1,12,0,34,347.400806934985,12.0
1,1,0,0,1,6,1,30,121.52969134707294,6.0
1,0,1,0,1,6,0,28,103.87728375523098,6.0
0,1,1,1,1,12,1,29,260.5074585068129,12.0
1,1,1,1,1,12,1,28,106.45740341679766,12.0
1,1,1,1,1,12,1,25,209.29430435946662,12.0
1,1,0,0,1,1,0,31,211.728969646523,1.0
0,1,1,1,0,6,0,25,45.73740307258264,6.0
0,1,1,1,1,1,0,31,105.80815181542928,1.0
1,1,0,0,1,6,1,34,121.35533494024828,6.0
0,1,1,1,1,12,1,26,245.34198649233485,12.0
1,1,0,0,1,12,0,28,168.84318157011558,9.0
0,1,1,1,0,12,1,33,363.0661185294892,12.0
0,1,0,0,0,1,0,25,123.66191598221953,1.0
1,0,0,0,1,1,0,27,129.6907383642004,1.0
0,1,1,1,1,6,0,29,239.7453019170008,5.0
1,1,0,1,1,1,0,31,221.9995044432532,1.0
1,0,1,1,1,6,0,35,284.7735524528685,6.0
0,0,0,0,1,1,0,25,134.76675368812678,1.0
0,0,0,0,1,1,0,25,126.94365736941687,1.0
0,0,0,0,1,1,1,29,106.84640816465652,1.0
0,1,0,0,1,6,0,33,374.407447340241,4.0
1,1,0,1,1,1,0,28,81.32659285972805,1.0
0,1,1,1,1,12,1,28,142.68216428149182,12.0
1,0,1,0,1,12,1,30,67.95028384439402,11.0
1,1,0,0,1,6,1,32,119.26316211418158,6.0
0,1,1,1,0,12,1,30,364.45684641979767,11.0
0,1,0,0,1,1,1,30,147.60307940060216,1.0
1,1,0,1,1,6,1,30,119.87912014377683,6.0
0,1,0,0,1,6,1,28,142.90547871376933,6.0
1,1,1,1,1,12,0,30,66.93638444791411,7.0
0,1,1,1,1,12,1,31,132.18815741737754,12.0
0,1,0,0,1,6,1,32,277.4613229794776,6.0
0,0,1,0,1,1,0,23,324.45277540025984,1.0
1,1,1,1,1,12,1,32,265.40728973692063,12.0
0,1,1,1,1,1,1,25,304.4531774658175,1.0
0,1,0,0,1,1,0,29,136.8843512289118,1.0
0,1,1,0,1,1,0,29,58.35847889588528,1.0
1,1,1,0,1,1,0,29,273.76351945985,1.0
1,1,1,0,1,12,1,32,280.2610651567815,11.0
1,1,1,0,1,12,0,25,449.0337204131831,12.0
1,0,0,0,1,1,0,24,204.4445266602356,1.0
0,1,1,1,1,12,0,32,22.94699672855137,12.0
1,1,0,0,1,6,0,33,20.979360045511484,6.0
1,1,1,1,1,1,1,26,156.9330595507916,1.0
1,1,1,0,1,12,0,25,92.04709091794916,12.0
0,0,1,1,1,6,0,29,219.76091800688545,6.0
0,1,1,1,1,6,1,26,203.5493329578112,6.0
1,1,0,0,1,1,1,32,5.406180569254531,1.0
0,1,1,0,1,12,0,29,424.35305585983724,12.0
0,1,1,0,1,12,0,29,141.80584523448138,12.0
0,0,0,0,0,1,0,31,278.50699454322734,1.0
1,1,0,0,1,1,1,32,240.52713036453343,1.0
1,1,0,0,1,1,0,29,153.50816808676637,1.0
1,1,1,0,1,1,0,31,204.58864446382802,1.0
0,1,0,0,1,1,1,30,42.25437246148199,1.0
1,1,0,0,1,12,1,37,242.3556849433538,11.0
0,1,1,0,1,12,0,32,432.0703548070003,11.0
1,1,0,0,1,1,0,24,99.41448252766834,1.0
1,1,0,0,1,6,0,31,35.0451923272218,5.0
1,1,0,0,1,1,1,30,150.22203685612638,1.0
0,1,0,0,1,6,1,30,41.64680053446854,5.0
1,1,1,1,1,1,0,24,167.06597610290362,1.0
1,1,1,0,1,6,0,29,357.73880278242723,6.0
1,1,1,1,0,12,1,33,172.11034804210288,11.0
0,1,0,0,1,12,1,35,137.05158052055813,12.0
1,1,0,0,0,6,1,37,172.2209599892664,6.0
0,0,0,0,1,1,0,33,204.3207074444132,1.0
1,1,0,1,1,12,0,30,346.43272524838585,12.0
0,1,0,0,1,1,1,29,98.34150224252451,1.0
0,1,1,0,1,1,0,28,149.2184533415032,1.0
0,1,0,0,1,1,1,25,281.29663755530675,1.0
1,1,0,0,1,6,1,27,152.59682254537788,6.0
1,1,1,1,1,1,1,26,50.394566055059386,1.0
0,0,0,0,1,1,1,27,314.94950898723636,1.0
1,1,0,0,1,1,1,27,133.4049762315199,1.0
1,0,0,0,1,1,0,30,257.4325776977206,1.0
1,0,1,0,1,12,0,31,55.09299271380669,9.0
0,1,0,1,1,6,1,28,119.20182414353596,6.0
1,0,1,0,1,12,0,28,57.23835630942688,12.0
0,1,1,1,1,12,1,27,93.69977464125385,12.0
1,1,0,0,1,1,0,21,124.82185421919165,1.0
1,1,0,0,1,6,1,31,64.86068682974536,6.0
1,0,0,0,1,1,0,26,55.95896229874315,1.0
0,1,0,0,1,1,0,29,20.076299239592842,1.0
0,1,0,0,1,1,1,27,119.59960378658218,1.0
0,1,0,0,1,12,1,30,466.02763980414915,10.0
0,1,0,0,1,1,0,20,58.360607217218686,1.0
1,1,1,1,0,6,1,30,101.52248116844335,3.0
1,1,0,0,1,1,0,31,132.06838275326817,1.0
0,0,1,0,0,1,0,23,12.120455362055182,1.0
0,1,0,0,1,1,1,28,106.87614357369942,1.0
1,0,1,0,0,12,0,31,323.4359895962682,10.0
1,1,0,0,1,6,1,34,1.1849406914541731,6.0
1,1,0,1,0,12,1,31,8.643677292019579,12.0
1,1,0,0,1,1,0,30,117.65141473156851,1.0
0,0,1,0,1,1,0,27,213.32877288331744,1.0
0,1,0,0,1,1,1,28,144.16861114694694,1.0
1,1,1,1,0,6,1,28,93.19541516821371,6.0
1,0,0,0,1,1,0,28,36.82672507130644,1.0
1,1,0,0,1,1,1,28,0.7965952030563983,1.0
1,1,0,0,1,12,1,31,132.8585077031733,12.0
0,1,1,1,1,6,0,33,223.68510784190624,6.0
0,1,0,0,1,1,1,26,62.412955568019036,1.0
1,1,0,0,1,12,1,32,214.94509960950242,11.0
0,1,1,1,1,1,1,30,205.960549680206,1.0
1,1,1,1,1,1,1,33,143.232451790641,1.0
1,1,1,1,1,1,1,33,369.2343207761203,1.0
0,1,1,1,1,12,1,24,151.26465097780047,12.0
0,0,1,0,1,6,0,32,327.20363369324286,6.0
0,1,0,0,1,1,0,29,142.92619557969357,1.0
1,0,1,1,1,1,0,30,25.62840601013123,1.0
0,1,0,0,1,1,0,25,193.38991274436938,1.0
0,1,1,1,1,1,0,29,39.04936013185943,1.0
1,0,1,0,1,1,1,33,8.42870120146074,1.0
1,1,0,0,1,1,1,32,442.97635544956887,1.0
0,1,0,1,1,1,1,25,265.08021146369634,1.0
1,1,1,1,1,12,0,30,221.2161905257676,12.0
0,1,0,0,1,6,1,29,230.591940947735,6.0
0,1,0,0,1,1,1,33,73.66193879677195,1.0
1,0,1,0,1,6,0,25,224.6000164880552,3.0
0,0,1,1,1,6,0,29,58.62395169196739,6.0
0,1,0,0,1,1,0,30,106.42966754220915,1.0
1,1,0,1,1,1,0,32,13.45485959850933,1.0
0,1,0,0,1,1,0,33,7.142134855871774,1.0
0,1,1,1,1,1,0,22,169.22259163210754,1.0
1,1,0,0,1,1,0,26,113.06750354726616,1.0
1,0,0,0,1,1,0,20,304.53564862950003,1.0
0,1,0,0,1,1,0,30,40.55941737577624,1.0
0,1,0,0,1,1,0,28,96.7324967856962,1.0
0,1,1,1,0,12,1,25,226.3035456150317,12.0
1,1,0,0,1,1,0,29,235.0321455341833,1.0
1,0,1,0,1,1,1,27,123.77147845977082,1.0
1,1,0,0,1,1,0,29,87.13120561136442,1.0
0,0,0,1,1,1,0,29,217.35844851457242,1.0
0,1,1,1,0,1,0,28,180.2498283970189,1.0
1,1,0,0,1,1,1,27,139.89310667228642,1.0
0,1,0,0,1,1,0,29,311.18718681096647,1.0
1,1,1,1,1,1,0,29,178.94153027261623,1.0
1,1,1,0,1,1,0,31,192.02078677838574,1.0
1,0,1,0,1,1,1,27,155.9748511285859,1.0
1,1,0,0,1,1,0,28,167.1402101114066,1.0
1,1,1,1,0,6,0,27,274.0847632435824,6.0
0,1,0,0,1,6,1,34,44.793117931280285,6.0
1,1,1,0,1,1,1,36,131.39313537431556,1.0
0,0,0,0,1,1,0,29,214.657805276616,1.0
1,1,1,1,1,12,0,38,242.58524502451976,12.0
0,1,1,1,1,12,0,32,248.42492046808917,11.0
1,1,1,1,1,1,1,34,396.3994509419098,1.0
0,1,1,1,1,1,1,34,112.0859319091725,1.0
0,1,1,1,1,1,0,26,205.38531176083958,1.0
0,1,1,0,1,1,0,29,87.39621230185787,1.0
1,1,0,0,1,1,0,34,83.89979198324994,1.0
0,0,1,0,1,6,1,31,101.70673729717278,6.0
0,1,1,1,1,1,0,23,77.02751560590595,1.0
0,1,1,0,1,1,0,21,228.461171796184,1.0
1,1,0,0,1,1,0,30,21.728790627216334,1.0
0,1,0,0,1,1,1,33,69.20122993247116,1.0
0,1,1,0,0,6,0,24,119.86606702293284,6.0
1,1,0,0,1,1,0,28,101.03736842838022,1.0
1,1,1,1,1,6,0,32,160.3990954661268,6.0
1,1,0,1,1,12,1,31,208.84627668209603,12.0
1,1,0,0,1,1,1,32,217.86321780617925,1.0
1,1,1,0,1,6,0,32,312.7413785615853,4.0
0,1,0,0,1,1,1,28,112.22574598102614,1.0
0,1,0,1,1,1,1,31,181.1590905800317,1.0
1,1,0,0,0,12,0,31,137.11579612674203,12.0
0,0,0,0,1,6,1,32,515.392605727715,6.0
0,1,0,0,1,12,1,31,355.6267156345108,12.0
0,1,1,1,1,12,0,32,315.1766363848413,10.0
1,0,1,0,1,1,0,29,74.52692755035756,1.0
1,1,1,1,1,1,0,31,100.32815217438845,1.0
0,0,1,0,1,6,1,25,11.709011293631475,6.0
0,1,0,0,0,6,0,29,70.89557498009673,6.0
0,1,0,0,1,1,1,35,230.34167640380275,1.0
1,1,1,0,0,12,1,32,15.708069790310425,12.0
1,0,1,0,1,12,1,31,5.428028898494363,12.0
1,1,0,0,1,1,0,31,207.9432170074668,1.0
0,1,0,0,1,6,1,23,38.69528622292885,6.0
0,1,1,1,1,6,0,31,241.95644066121412,6.0
0,1,1,0,1,1,0,29,290.07498455432966,1.0
0,1,0,0,1,1,0,33,24.99111352392777,1.0
1,1,1,0,1,1,1,29,134.62334618857219,1.0
1,1,1,1,1,12,1,37,331.6593794802281,12.0
0,1,0,0,1,1,0,23,110.55511871656336,1.0
1,1,1,1,1,1,1,37,2.5549672168390387,1.0
0,1,0,0,0,1,1,25,177.79633928480644,1.0
0,1,0,0,0,12,1,28,84.8133157636626,9.0
1,1,0,0,0,1,0,28,5.299371787801134,1.0
1,1,1,1,1,6,0,28,27.31787383327097,6.0
1,1,0,0,1,6,1,30,203.40540016707882,6.0
0,1,1,0,1,12,0,27,260.3803118088839,12.0
1,1,0,1,1,1,1,23,11.86112483289223,1.0
0,1,1,0,1,1,0,32,146.88954406375964,1.0
0,1,0,0,1,6,1,32,69.46089341690289,6.0
1,0,1,0,0,1,0,36,241.48672664248053,1.0
1,1,1,1,1,6,0,31,75.48730754249237,6.0
1,1,0,0,1,1,0,29,355.33730361574584,1.0
0,1,0,0,1,1,1,31,146.47100083447745,1.0
1,1,0,0,1,12,0,32,57.52396605957156,12.0
0,1,1,1,1,12,1,28,108.2271129661975,10.0
0,1,1,1,1,1,1,32,138.37891487490606,1.0
0,1,1,0,1,12,1,34,163.48228517502702,12.0
1,1,0,0,1,1,1,34,99.29390382165892,1.0
0,0,0,0,1,1,0,30,119.94335712107292,1.0
0,1,1,0,0,1,0,27,145.2766580276161,1.0
0,0,1,1,1,12,1,25,52.62374805362929,11.0
1,1,0,0,1,1,1,28,154.1628620751259,1.0
1,1,1,1,1,1,0,27,8.900123835732902,1.0
1,1,0,0,1,1,0,29,208.75064645478543,1.0
1,1,1,0,1,1,0,32,8.039850363747064,1.0
1,1,0,0,1,1,1,29,148.02893499613717,1.0
1,1,1,0,1,1,0,28,3.1244205478444935,1.0
1,1,1,1,1,12,0,26,100.87072694570179,11.0
1,1,0,0,1,1,1,31,159.9978718698846,1.0
1,1,0,0,1,12,0,27,232.65837638374626,6.0
0,1,1,0,1,6,1,34,349.3616285887374,6.0
0,1,1,0,1,12,1,34,293.74145805886195,11.0
0,1,1,0,1,1,0,31,51.68598807470203,1.0
0,0,0,0,1,6,0,32,32.78245910897215,4.0
0,1,1,0,1,1,1,29,165.48535492698997,1.0
0,0,0,0,1,12,1,28,106.11009671508906,10.0
0,1,0,0,1,1,1,24,8.393485751206569,1.0
0,1,0,0,1,1,0,27,128.4703008087325,1.0
1,1,0,0,1,6,0,24,85.4482243452192,6.0
0,1,0,0,1,1,1,25,19.578447813450524,1.0
1,1,1,0,1,12,0,24,225.72323283523232,12.0
0,1,0,0,1,1,1,31,2.769940565708368,1.0
1,1,1,1,1,12,1,30,241.42415501846864,12.0
1,1,0,0,1,1,0,25,4.395133813231396,1.0
1,1,1,0,1,1,1,30,94.70146973990644,1.0
0,1,1,0,1,1,0,34,59.79748282151309,1.0
1,1,1,0,1,6,0,31,104.60419790404032,4.0
1,1,0,0,1,12,0,27,20.541996653457844,12.0
0,1,0,0,1,1,0,28,138.16400402591978,1.0
1,0,1,0,1,1,0,32,84.28256099823827,1.0
0,1,1,1,1,12,0,26,22.577029600575642,11.0
0,1,1,1,1,1,1,28,315.1752672055362,1.0
0,1,1,1,1,12,1,28,5.932281946404352,11.0
1,1,0,0,1,1,0,29,259.1072156999059,1.0
0,1,0,0,1,1,0,29,165.91884044819486,1.0
1,1,1,0,1,1,0,26,187.5348257256672,1.0
1,1,1,1,1,6,1,30,296.98248103004687,5.0
0,1,0,0,0,12,1,33,122.33744410227777,9.0
1,1,1,0,1,12,0,26,281.2992536735902,12.0
1,1,1,0,1,12,0,33,76.9414589861043,9.0
0,1,0,0,1,6,0,25,34.16938286487617,6.0
1,1,0,0,1,1,0,29,55.894549939531686,1.0
0,1,1,1,1,12,1,35,145.19523644843426,11.0
0,1,1,1,1,6,1,32,243.62234478063576,6.0
1,1,0,0,0,1,1,25,233.76229445660144,1.0
1,1,1,0,0,6,1,28,109.40660713575646,4.0
0,1,1,0,1,1,0,27,148.12507855738804,1.0
0,1,0,0,1,1,1,29,105.22628816365238,1.0
0,1,1,0,1,12,0,26,86.0070080710672,12.0
1,1,0,0,1,1,1,29,242.3549173333029,1.0
0,1,1,1,1,6,0,38,41.287629638998396,6.0
0,1,1,0,1,12,0,27,24.45936878591516,12.0
0,1,1,1,1,1,0,32,266.4375257406123,1.0
0,1,1,1,0,12,0,31,129.52119214752747,12.0
1,1,0,0,1,1,0,28,50.23124659100566,1.0
1,1,0,1,1,1,0,28,12.815002652885212,1.0
1,1,1,1,1,12,1,26,199.50123601642966,12.0
0,0,1,0,1,6,0,32,372.19697361610224,4.0
0,1,0,0,1,1,0,33,339.39610325583686,1.0
0,1,0,0,1,1,0,27,20.950112835322358,1.0
0,1,1,0,1,12,0,29,69.40725016502259,10.0
0,1,1,1,1,1,0,27,106.46947543075943,1.0
1,1,0,0,1,1,1,27,115.6596518435546,1.0
1,1,0,0,0,1,1,32,11.533209503348804,1.0
0,1,0,0,1,1,0,27,79.58589030535262,1.0
1,1,0,0,1,1,1,30,46.50796860327898,1.0
0,1,1,1,1,12,1,32,321.0391665322337,12.0
1,1,1,1,1,1,1,25,224.78657481389342,1.0
0,0,0,0,1,1,0,33,182.96051423116643,1.0
0,1,1,0,1,6,1,27,211.2575494668856,6.0
0,1,1,0,1,1,0,34,133.27351774221847,1.0
1,1,0,0,1,6,1,36,198.18937702749903,5.0
0,1,0,0,1,1,0,31,192.32386288876413,1.0
0,1,1,1,1,1,1,30,179.3404988837607,1.0
0,1,1,0,1,12,1,28,0.9932401239909652,12.0
0,1,0,0,1,12,1,28,258.2415155487877,11.0
1,1,1,1,1,12,1,30,181.0028959878132,12.0
1,1,1,1,1,6,1,33,60.30236761650484,6.0
1,1,0,1,1,1,1,26,210.4587478358126,1.0
1,0,0,0,1,1,1,27,140.8167179017984,1.0
0,1,1,1,1,12,1,26,96.17802383494914,12.0
1,0,0,0,1,1,0,25,120.89646493389186,1.0
1,1,1,0,1,1,0,33,296.04087220523564,1.0
0,1,0,0,1,1,0,27,69.23184480197112,1.0
1,1,0,0,1,1,0,31,152.79447566083138,1.0
1,1,0,0,1,12,0,34,67.57984992052961,12.0
0,1,1,0,1,1,0,27,148.95699151605342,1.0
1,1,1,0,1,12,0,30,248.18591051225587,12.0
0,1,1,1,1,12,1,30,377.09382767829493,6.0
1,1,0,0,1,1,1,21,42.72150190839385,1.0
1,1,0,0,1,6,1,33,156.47625016851896,6.0
0,1,1,1,1,1,0,31,35.14518806279321,1.0
1,1,1,0,0,12,1,28,188.4038652705076,11.0
0,0,0,0,1,1,0,29,59.20225945287297,1.0
0,0,1,0,1,12,0,25,213.6840244097123,12.0
0,1,0,0,1,1,0,34,124.72820415611332,1.0
1,1,1,1,1,6,1,28,118.55952183035204,6.0
0,1,0,1,1,1,0,24,84.03725036498153,1.0
1,1,1,0,1,6,0,32,217.37716862983777,6.0
1,1,1,1,1,6,0,28,3.7009482570771297,6.0
0,1,0,0,1,1,0,30,89.54119747824184,1.0
0,1,1,0,1,1,0,26,170.53815392821326,1.0
0,1,0,0,1,1,0,33,142.2185242654759,1.0
0,1,1,0,1,12,0,27,98.68598584847004,12.0
0,1,0,0,1,1,0,33,253.24270362689185,1.0
1,1,0,0,1,1,1,28,20.490793841274236,1.0
1,1,1,0,0,12,0,28,6.100359409215372,11.0
1,0,0,0,1,6,0,29,217.1662182200959,6.0
0,1,1,1,1,6,0,29,389.265458919842,5.0
1,1,1,1,1,12,1,29,279.6858686683978,10.0
1,1,0,1,1,1,1,32,28.984669003016876,1.0
0,0,1,0,1,1,0,28,178.84582664927854,1.0
1,1,1,1,1,12,1,29,77.38762569669329,11.0
1,1,1,0,1,12,0,29,157.72784296761373,11.0
0,1,0,0,1,1,0,25,372.0599138682042,1.0
0,1,1,1,1,1,0,24,158.20895122566412,1.0
0,0,1,0,1,1,0,31,78.79411914470398,1.0
0,1,0,0,1,1,0,32,326.5204608218621,1.0
0,1,0,0,1,1,0,27,62.75503679447015,1.0
1,1,1,1,1,12,0,28,257.17638986147944,7.0
1,0,1,0,1,6,0,39,113.54725354679036,6.0
0,1,0,0,0,1,0,29,54.507029938959725,1.0
0,1,0,0,1,1,0,29,289.06548717511725,1.0
0,1,0,0,0,6,1,35,70.98492632767153,2.0
1,0,1,1,1,12,0,32,139.5405244493288,12.0
1,1,0,0,1,12,1,25,48.15528210964485,10.0
1,0,1,0,1,6,1,23,58.508100395424115,6.0
0,1,0,0,1,6,0,29,164.5550334294613,6.0
1,1,0,0,1,6,1,23,7.218641618811588,6.0
0,1,1,1,1,12,1,30,149.5027911942818,12.0
0,1,1,0,1,1,0,30,149.78420846913696,1.0
0,1,0,0,1,12,0,31,241.96891163676534,12.0
0,1,1,1,1,6,0,35,196.44036068570873,6.0
1,1,1,0,0,6,0,30,141.7583605448954,4.0
1,0,1,0,1,12,1,28,338.4193944823344,10.0
1,1,0,0,1,1,1,25,148.69051723231868,1.0
0,1,1,1,1,6,0,34,93.00243911739011,6.0
0,1,1,1,0,1,0,32,357.3479755233605,1.0
1,1,0,0,1,1,1,30,137.8353142916146,1.0
1,1,0,1,0,1,1,32,88.80894656248208,1.0
0,1,0,0,1,1,0,28,71.12360581122692,1.0
0,1,1,0,1,12,1,35,1.6620576406224499,11.0
0,1,0,0,1,1,1,26,277.8824879257915,1.0
0,1,1,1,1,1,1,25,4.597707235604858,1.0
0,0,0,0,1,1,0,26,117.85040173966614,1.0
1,1,1,0,1,12,0,28,3.97779462752672,11.0
0,1,1,1,1,1,1,35,161.8729406297085,1.0
1,1,1,1,1,1,0,30,123.29279270131657,1.0
0,1,1,1,1,1,0,29,91.7206794362429,1.0
0,1,0,0,1,1,0,23,19.92174778614195,1.0
0,1,1,0,1,1,1,33,204.66780241890407,1.0
1,1,1,1,1,6,1,28,117.22439003104677,6.0
1,1,1,0,1,12,0,36,85.13967923949508,11.0
1,1,1,0,1,6,0,29,181.0796461235801,5.0
0,1,1,0,1,12,0,31,249.70799335401654,11.0
0,1,0,0,1,1,0,33,131.7147704107877,1.0
0,1,1,1,1,12,1,34,264.99028831330315,12.0
0,1,1,0,1,12,1,32,306.9244776190667,9.0
0,0,0,0,1,1,0,26,136.56712942810822,1.0
1,0,1,1,1,6,1,25,135.4998502483,5.0
0,1,0,0,1,12,0,32,113.71406901112162,9.0
1,1,0,0,1,1,0,31,128.55666203765492,1.0
1,1,0,1,1,12,1,24,114.3182356721258,12.0
1,1,1,1,1,1,1,25,135.39317576088317,1.0
0,1,0,0,1,1,1,37,90.7907504820519,1.0
0,1,1,0,1,1,0,31,15.356372115950306,1.0
0,1,1,1,1,1,1,29,27.60340452938485,1.0
0,1,1,0,1,6,1,29,0.5563518929473474,4.0
0,1,0,0,1,1,0,28,80.89394773696569,1.0
1,1,0,0,1,1,1,31,329.2944207267402,1.0
0,0,0,0,1,1,0,29,30.55209068937352,1.0
0,0,1,0,1,1,0,33,11.437718334185805,1.0
1,0,0,0,1,1,0,31,290.5944729755333,1.0
1,1,1,1,1,1,1,31,221.55787433173316,1.0
1,1,0,0,1,1,1,28,7.614527692670634,1.0
0,1,0,0,1,6,0,31,89.61179662687452,4.0
1,1,0,0,1,1,0,32,20.323578042329626,1.0
0,1,1,0,1,6,0,26,7.9757579370968035,6.0
0,1,0,0,1,1,0,27,191.5141190094729,1.0
1,1,0,0,0,6,1,33,134.02239198408793,6.0
0,1,1,1,1,12,0,29,9.729374773487317,7.0
0,1,1,1,1,1,0,23,334.1403552836297,1.0
0,1,1,1,1,12,1,34,117.76351989578929,10.0
1,1,0,0,0,1,0,26,275.9489648075156,1.0
1,1,0,0,1,1,1,19,248.6871815066128,1.0
1,1,0,0,1,1,1,21,38.2828250929991,1.0
0,1,0,0,1,1,0,26,240.98086733969646,1.0
0,1,1,0,1,1,0,24,93.01588489934367,1.0
1,1,1,0,1,6,1,27,258.06707372801156,6.0
0,1,0,0,1,12,0,34,71.73921724864654,12.0
1,1,0,1,1,1,1,35,116.27690669125471,1.0
1,1,1,0,0,12,0,35,229.69352026616158,11.0
0,1,0,1,1,1,1,32,235.90993311622762,1.0
0,1,0,0,1,1,1,26,107.58965540196071,1.0
1,1,1,1,0,6,1,34,13.41430393330576,5.0
0,0,0,0,1,6,1,28,224.97525103701943,6.0
1,1,0,0,1,12,1,29,223.1080855739229,12.0
0,1,1,1,1,12,0,24,187.2240741304019,12.0
0,1,1,1,1,12,0,29,395.79624496462935,12.0
0,0,0,0,1,1,1,32,138.92092536156224,1.0
1,1,0,0,1,1,0,32,165.34432847633144,1.0
1,0,0,0,0,6,0,27,231.38892985189563,6.0
1,1,0,0,1,1,0,25,36.51434989442887,1.0
1,1,1,1,0,12,1,31,172.85576574598258,11.0
0,1,1,0,1,12,0,31,230.83881424910086,7.0
0,1,1,0,1,1,0,28,112.04563860638063,1.0
1,1,0,0,1,1,1,27,48.58370100036889,1.0
1,1,1,0,1,1,0,29,191.50704156458767,1.0
1,1,0,0,1,6,0,24,126.42023328618386,6.0
1,1,0,0,1,1,1,28,40.23551403714026,1.0
1,1,0,0,1,1,1,30,158.12558665735364,1.0
0,1,0,0,1,1,0,31,370.3376275824093,1.0
1,1,1,1,1,1,0,27,85.17277942615604,1.0
0,0,0,0,1,1,1,24,10.839809269140618,1.0
1,1,0,1,1,1,0,29,116.85253992357048,1.0
0,1,1,0,1,1,1,27,456.934348453927,1.0
0,1,0,0,1,6,0,29,183.09465895082337,5.0
1,1,0,0,1,1,0,28,250.30328733481792,1.0
0,1,0,0,1,1,0,31,173.11764370772758,1.0
1,1,0,0,1,6,0,34,123.29510632715152,6.0
1,1,1,1,1,1,1,27,219.1237269885666,1.0
1,1,0,0,1,6,1,30,158.97434430184367,6.0
1,0,0,0,1,6,0,32,67.1776697818153,6.0
1,1,0,1,0,1,0,33,67.76813679105629,1.0
0,1,0,0,1,1,1,26,3.326196494720108,1.0
0,1,0,0,1,1,0,33,278.20446137899864,1.0
0,1,0,0,1,1,0,28,120.4576306223407,1.0
0,1,1,1,1,6,1,32,130.71129949283198,6.0
0,1,1,0,1,6,0,26,238.04876527562283,6.0
1,1,0,1,1,6,1,29,3.3759530394664097,6.0
1,1,0,0,1,6,0,25,37.17063738760106,4.0
1,1,0,0,1,1,0,34,128.78766829544676,1.0
1,1,1,0,1,12,1,35,179.96936388560718,6.0
0,1,0,0,1,1,0,31,40.03494656254397,1.0
1,1,0,0,1,12,0,34,249.732456103274,12.0
0,1,1,1,1,12,1,32,300.32321176063294,12.0
1,1,1,1,1,12,1,38,306.62240921050864,11.0
0,0,1,0,1,1,1,27,41.04466457840515,1.0
0,1,1,0,1,1,1,23,17.082320645286465,1.0
0,1,0,0,1,12,1,30,332.36796744019506,12.0
1,1,1,1,1,12,1,25,218.38168485404896,12.0
1,1,1,1,1,6,1,25,235.71404499059543,6.0
0,1,1,0,1,12,0,27,288.3460000101255,12.0
0,1,1,1,1,12,1,29,205.4051842311145,9.0
1,1,0,0,1,1,0,22,107.71924985039051,1.0
0,1,0,0,1,6,0,31,190.69782943671848,6.0
1,1,0,0,1,12,1,29,112.26262987441908,12.0
0,0,1,0,1,6,0,33,181.0317045438541,5.0
1,0,0,0,1,1,1,28,69.49436914277292,1.0
0,1,0,0,1,6,0,30,59.33775336243094,6.0
1,1,0,0,1,1,1,28,55.52102746970382,1.0
0,0,0,0,1,1,1,32,8.116398782689338,1.0
1,1,0,1,1,1,1,32,54.527760434967576,1.0
1,1,0,0,1,12,0,32,216.11712673450717,9.0
0,1,1,0,1,1,0,27,189.09553337017482,1.0
0,1,1,0,1,6,0,27,144.34446888911242,5.0
1,1,0,0,1,1,1,21,161.93891207661312,1.0
0,0,1,0,1,6,0,31,98.02298138762418,6.0
1,1,1,0,1,12,0,31,217.68358620341743,11.0
1,1,1,0,1,12,0,24,218.59121783115017,12.0
1,1,0,0,0,1,1,32,102.43189432678837,1.0
0,1,0,0,1,6,0,32,309.66531955712645,6.0
1,1,1,1,1,6,1,30,160.52171726498838,3.0
1,1,0,1,1,12,1,31,261.6182690087565,12.0
0,1,0,0,1,6,1,28,19.83116327317348,6.0
1,0,0,0,0,1,0,29,166.15462540761283,1.0
0,1,1,0,0,6,0,34,48.94862603827736,6.0
1,1,1,0,0,6,0,25,47.47909110057165,6.0
1,0,0,0,1,1,0,29,72.35824341992172,1.0
1,1,1,0,1,6,1,31,56.345648813751076,6.0
0,1,0,0,1,1,0,30,158.0414565860001,1.0
1,1,0,0,1,6,1,26,202.99423198714769,6.0
0,1,1,0,1,6,1,32,85.52846086147285,6.0
1,1,0,1,0,6,0,30,280.2335373973516,6.0
1,1,0,0,1,1,1,24,27.5384845014262,1.0
1,1,1,1,1,1,1,30,140.69942160549994,1.0
1,0,0,1,1,1,0,24,81.86222227958594,1.0
0,1,1,0,1,1,0,22,28.96428571356256,1.0
1,1,1,1,1,1,1,34,198.826487678054,1.0
1,1,1,0,1,1,0,24,246.21683671920533,1.0
0,1,1,1,1,1,0,33,210.8922783522487,1.0
1,1,0,0,1,12,1,31,236.14121522372147,12.0
0,1,0,0,1,1,1,27,117.35485373808271,1.0
0,1,0,0,0,1,1,32,224.69864149299468,1.0
1,1,1,1,0,6,1,31,2.77011783812084,6.0
1,1,1,0,0,12,0,29,59.52092825670328,12.0
0,0,0,0,1,1,1,20,131.97896965443752,1.0
0,1,0,1,1,6,0,31,249.97248026007298,6.0
1,1,0,0,1,1,1,24,111.86047720148235,1.0
1,1,1,0,1,1,0,23,14.605922960010858,1.0
0,1,0,0,1,6,0,25,308.17095999603083,6.0
0,1,0,0,1,1,1,32,56.58841729124304,1.0
0,1,1,1,1,12,1,30,26.225388527307164,12.0
0,0,1,1,1,1,0,28,173.7852431868274,1.0
1,1,0,1,1,6,0,35,254.19000844449937,4.0
1,1,0,0,1,1,0,24,160.13418692065505,1.0
1,0,1,0,1,1,0,25,51.43173375652784,1.0
0,1,1,1,1,6,0,23,158.9932057701319,3.0
1,1,0,0,1,1,0,27,48.8979085448351,1.0
1,1,0,0,1,12,1,27,208.14077536264546,11.0
1,1,0,0,1,12,1,31,292.3328044005783,7.0
1,1,0,0,1,6,0,28,212.2993461584876,6.0
1,1,0,0,1,1,1,37,168.85097474664548,1.0
0,0,1,1,1,1,0,34,56.9541718209822,1.0
0,1,0,0,1,1,0,28,95.8220157416242,1.0
0,1,0,1,1,1,1,28,198.87496687356202,1.0
0,1,1,1,1,1,1,26,12.840916157244234,1.0
1,1,0,0,1,1,0,30,274.6404867663301,1.0
1,1,1,1,1,6,1,29,66.82697875595073,5.0
0,1,0,1,1,1,1,31,198.1039376158958,1.0
1,1,0,1,1,1,0,28,158.88473786549162,1.0
1,1,0,0,1,1,1,26,373.6256187921264,1.0
0,1,1,1,1,1,0,27,136.22135439241526,1.0
0,1,1,1,1,12,1,28,304.03119896024873,12.0
1,1,1,1,1,6,1,25,231.74602542950268,6.0
1,1,0,0,1,1,0,29,174.0560021915527,1.0
1,1,1,1,1,12,0,31,58.06564374274417,11.0
0,1,0,0,1,1,0,28,141.0080452563725,1.0
0,1,1,0,1,6,0,33,240.4188522533857,6.0
0,1,0,0,1,1,1,27,279.79201536969447,1.0
1,1,0,0,1,1,0,27,178.69571798069782,1.0
1,1,0,0,1,1,1,32,150.54036599715607,1.0
1,1,1,0,1,12,0,34,175.83230610899625,12.0
1,1,1,1,1,6,0,32,73.40649274920372,4.0
1,1,1,0,1,1,1,23,21.3937703139718,1.0
1,1,1,0,1,6,0,27,151.97167138942248,6.0
0,1,0,0,1,6,1,31,170.96960427802037,6.0
0,1,0,0,1,1,0,31,137.7564659176192,1.0
1,1,0,0,1,1,0,29,258.19163297882005,1.0
1,1,0,0,1,1,0,30,88.66670263139963,1.0
1,1,0,0,1,1,0,26,48.856369880486966,1.0
1,1,0,0,1,1,0,31,178.86372149319652,1.0
1,1,0,0,0,1,0,23,7.42637111461984,1.0
1,0,0,0,1,6,1,31,142.38257777303758,6.0
0,1,0,0,1,12,1,29,80.33245613899226,12.0
0,1,0,0,1,1,0,28,59.622619023210795,1.0
1,1,0,1,1,12,1,25,30.72661058116261,10.0
0,1,0,0,1,6,0,30,227.5300092686816,5.0
1,1,0,0,1,6,0,28,50.95514856673935,6.0
0,1,1,1,1,12,1,36,332.4981531636322,11.0
0,1,0,0,1,1,0,26,52.703593503270426,1.0
1,0,0,0,1,1,0,20,215.3844215616853,1.0
0,1,0,0,1,1,1,31,147.6679623946565,1.0
1,1,1,0,1,1,0,20,168.74393427071962,1.0
0,1,0,0,1,6,1,24,239.07098743899127,6.0
1,1,1,1,1,1,0,30,114.44443932615913,1.0
1,1,0,0,1,6,1,28,159.36695638393272,6.0
1,0,0,0,1,12,1,30,40.55296107684012,9.0
1,1,0,0,1,1,1,30,185.70169946432804,1.0
1,1,0,0,1,1,1,29,237.17325497964688,1.0
0,1,1,0,1,6,0,34,204.5852098911256,5.0
0,1,1,1,1,6,0,30,63.71971092561957,5.0
1,1,1,1,1,12,0,27,132.15725701185391,11.0
1,1,0,0,1,1,1,34,148.67049799741258,1.0
1,1,1,0,1,6,0,27,43.03495126924565,6.0
0,1,1,1,1,6,0,23,77.79550569458979,6.0
0,1,0,0,1,1,0,29,109.29331302970898,1.0
1,1,1,1,0,6,1,32,255.62297777561642,6.0
0,1,1,0,1,1,0,25,273.55412171392015,1.0
0,1,0,1,1,1,0,26,8.610059664342316,1.0
1,1,0,0,1,1,0,31,330.1422587753009,1.0
0,0,1,0,1,1,0,34,167.21559159197744,1.0
0,1,1,0,1,6,1,34,79.5952892287131,4.0
1,1,1,1,1,6,1,31,173.08672983966133,4.0
0,0,0,0,1,1,1,31,116.58834286995041,1.0
1,1,1,1,1,1,0,27,101.32567680479788,1.0
0,1,0,0,0,1,0,31,107.40921787455044,1.0
0,1,0,0,1,1,0,32,233.4713204910621,1.0
0,1,1,0,1,1,1,37,223.87660572937145,1.0
1,1,0,0,1,1,1,36,241.9611721445289,1.0
0,1,0,0,1,1,1,31,123.36155454828057,1.0
1,1,0,0,1,1,0,31,133.52513741804805,1.0
1,1,0,0,1,1,1,27,265.3401455495381,1.0
1,0,1,0,1,1,1,25,227.23940787284215,1.0
1,1,1,1,1,1,0,28,152.25655389025889,1.0
0,1,1,0,1,6,0,27,12.548074683569913,5.0
0,1,0,0,1,1,0,27,24.017573176233448,1.0
1,1,1,1,1,12,1,29,335.53914942457385,12.0
0,1,1,0,1,1,0,30,38.4787738726932,1.0
1,1,0,1,1,1,0,26,307.97404364982515,1.0
0,1,0,0,0,6,1,29,190.0156842420792,5.0
0,1,1,1,1,12,1,34,35.8935319500566,12.0
0,1,1,0,1,12,0,29,199.7576411377575,7.0
1,1,1,1,1,1,1,21,128.68126490028448,1.0
1,1,1,1,1,1,0,28,220.8034185531359,1.0
0,1,1,1,1,6,1,27,70.13059664985929,6.0
1,0,1,0,1,1,0,32,32.502052197854525,1.0
0,1,0,0,1,1,0,36,176.9748180218882,1.0
0,1,1,0,1,6,0,33,271.1148067576713,6.0
0,1,0,1,1,1,0,28,208.50283445331056,1.0
1,0,1,0,1,1,0,25,18.99341165133789,1.0
0,1,0,0,1,1,1,28,87.85369161957806,1.0
1,0,1,0,1,1,0,27,37.40169008933799,1.0
0,1,1,0,0,1,1,29,30.34285928795836,1.0
1,1,1,0,1,12,1,35,315.31739757978283,12.0
0,1,1,1,1,12,0,24,167.0188449881344,12.0
1,1,0,0,1,6,1,33,110.24388440018008,6.0
1,0,0,0,1,1,0,26,198.07218825659854,1.0
1,0,1,0,0,1,0,29,14.38391483216456,1.0
1,1,0,0,0,1,0,26,115.487560895544,1.0
0,1,0,0,1,1,1,29,5.711843027548937,1.0
0,0,0,0,1,1,0,29,110.36991748083321,1.0
1,1,1,1,1,12,1,22,155.0997383491998,10.0
1,0,0,0,1,1,0,25,90.99553463120589,1.0
0,1,1,1,1,6,0,29,7.934120034915836,6.0
0,1,0,0,1,1,0,28,222.0325888204388,1.0
0,1,1,0,1,12,1,31,27.04348862011929,9.0
1,0,0,0,1,1,0,24,303.0573360815322,1.0
0,0,1,0,1,1,0,23,8.739125272969844,1.0
0,1,1,0,1,1,0,30,99.81528914306357,1.0
1,1,1,0,1,12,1,26,307.7990623680968,9.0
1,1,1,1,1,6,1,30,34.826206682915235,6.0
0,0,1,1,0,6,0,32,279.3358720343191,6.0
0,1,0,0,1,12,1,33,57.11340672159839,12.0
0,1,0,0,1,1,0,26,9.838696134645561,1.0
1,1,1,1,1,1,0,36,121.26306804648077,1.0
0,1,0,0,1,1,0,24,146.96691493937215,1.0
0,1,1,1,1,12,1,34,206.81193749476967,11.0
1,1,1,1,1,12,1,31,167.10063665917255,12.0
1,0,0,0,1,1,0,30,126.77598249446464,1.0
1,1,0,1,1,1,0,28,129.97039965362546,1.0
1,0,1,0,1,1,0,28,144.79489261614418,1.0
0,1,1,1,1,1,0,27,260.702427160756,1.0
0,1,0,0,1,12,1,32,13.595078592070678,11.0
1,0,0,0,1,1,1,31,122.7914482464438,1.0
1,1,1,1,1,6,0,26,241.88595566137286,4.0
0,1,0,0,1,1,1,34,240.61665533621726,1.0
0,1,1,0,1,6,0,30,88.03503648567629,6.0
1,1,0,0,1,12,0,22,218.0931563503743,11.0
0,0,1,0,1,1,0,33,170.0214594738767,1.0
0,1,1,1,1,12,0,30,247.42657171142963,12.0
1,1,1,1,1,1,1,26,262.87834495800905,1.0
0,1,0,0,1,1,0,26,188.61850092413863,1.0
1,1,0,0,1,6,0,30,277.82567507145774,6.0
0,1,0,0,1,6,1,31,18.078239174568257,6.0
1,0,0,0,1,1,1,29,184.91921532760315,1.0
1,0,0,0,1,1,0,31,139.9297179285242,1.0
1,1,0,0,1,12,0,30,134.1235135821064,10.0
1,1,1,1,1,12,0,28,285.23044958643976,10.0
0,1,0,1,1,1,0,22,130.02521405490518,1.0
1,1,0,0,1,1,0,29,183.71504950845627,1.0
0,1,0,1,1,1,0,32,62.9376390793888,1.0
0,1,0,1,1,6,0,28,194.82739601118354,6.0
0,1,1,0,1,6,0,32,206.9091881483805,6.0
1,0,1,0,1,12,0,33,28.44684923649926,12.0
1,1,0,1,1,1,0,30,150.74344480217658,1.0
0,1,0,0,1,12,1,32,201.44765023338317,9.0
0,1,1,0,1,6,0,32,171.7221486826372,6.0
0,1,1,1,1,12,1,28,290.7814041757377,12.0
0,1,0,0,1,1,1,32,74.86938620242537,1.0
0,1,1,1,1,12,0,32,197.56983602315896,11.0
0,1,1,0,1,1,0,28,112.91717208461573,1.0
0,0,0,0,1,1,0,27,24.268931465502106,1.0
1,1,1,1,1,6,0,32,165.1602782842069,6.0
0,1,1,0,1,1,0,31,162.12885340705895,1.0
1,1,1,1,1,1,1,26,129.28011808301358,1.0
1,0,0,0,1,1,0,34,277.1702746017535,1.0
1,1,0,0,1,1,0,26,26.89758355405753,1.0
1,1,0,0,1,1,1,34,9.680631843912751,1.0
0,1,1,0,1,12,0,27,389.7929058498655,7.0
0,1,0,0,1,1,0,30,209.9387230814729,1.0
0,1,0,0,0,1,0,26,94.789885067726,1.0
1,1,1,0,1,1,1,29,23.769982831898872,1.0
0,1,0,0,1,1,0,31,100.75285254823277,1.0
1,1,1,1,1,12,1,31,16.43913770132474,3.0
0,0,0,0,1,1,0,27,49.935941993144034,1.0
0,1,1,1,1,12,0,34,93.3765321347363,10.0
0,1,1,1,1,1,0,26,145.0417653735306,1.0
0,1,0,0,0,1,1,31,29.95309380341395,1.0
0,1,1,0,1,6,0,32,228.04239686398626,6.0
0,0,0,0,1,1,0,30,18.16488197869712,1.0
1,1,0,0,1,1,0,31,207.216463566505,1.0
0,1,0,0,1,1,0,28,37.99053639617708,1.0
0,0,0,0,0,1,1,27,99.43365098066374,1.0
0,0,0,0,1,1,0,21,130.74054179983764,1.0
0,1,0,0,1,1,0,33,21.12653762739542,1.0
1,1,0,0,0,1,0,31,60.29206364289506,1.0
0,1,0,0,1,1,0,27,95.55927192608178,1.0
1,1,0,0,1,1,0,28,243.861884775908,1.0
0,1,1,1,1,6,1,32,179.48690141417907,6.0
1,1,1,1,1,12,1,33,184.72717135891992,11.0
0,0,1,0,1,1,1,33,6.382038200240418,1.0
1,1,0,0,1,1,1,31,79.96507462212523,1.0
1,0,0,0,1,1,0,24,139.2335525107305,1.0
0,1,1,1,1,12,0,32,75.51286727167692,12.0
1,1,0,0,1,1,1,26,156.5547580147368,1.0
0,1,1,1,1,1,1,23,1.3281813800655016,1.0
1,1,0,0,1,12,0,32,92.71593053767378,12.0
0,1,1,1,1,1,0,31,76.61709105317719,1.0
0,1,0,1,1,12,1,30,127.45347084896395,8.0
0,1,1,0,1,12,0,32,246.96252184310242,8.0
0,1,1,0,0,1,0,30,222.0735007409053,1.0
1,1,1,1,1,12,1,35,125.86379771015476,12.0
1,1,0,0,1,1,1,23,25.97245754284589,1.0
0,1,1,1,1,12,1,30,214.48618177888542,11.0
0,1,0,0,1,1,0,28,39.43250887853906,1.0
1,1,0,0,1,12,1,29,132.57744760548442,12.0
1,0,0,0,1,12,0,36,320.3768583495745,12.0
0,0,0,0,1,6,0,26,112.34830405864278,6.0
0,1,0,0,1,12,1,28,165.6262155111939,11.0
0,1,1,0,0,1,0,31,75.69890227944586,1.0
0,1,0,0,1,12,0,29,219.14467340030103,12.0
0,1,0,1,1,1,1,34,227.76602037109288,1.0
0,0,0,0,1,1,1,31,14.262319449634536,1.0
0,1,1,1,1,6,1,29,118.15591676803841,6.0
1,1,0,0,0,1,0,23,199.15539548949928,1.0
0,1,0,0,1,1,0,30,286.49500835040755,1.0
1,1,0,0,1,6,0,36,189.46771357238063,6.0
1,1,0,0,0,6,0,28,118.32968107258046,4.0
1,0,1,0,0,1,1,26,118.23210903570038,1.0
0,1,1,0,1,12,0,33,109.45212635263321,12.0
0,1,1,0,1,1,0,26,30.90982994419485,1.0
1,1,0,0,1,6,0,27,299.47307162060235,6.0
1,1,1,1,1,1,1,24,219.5607362864421,1.0
1,0,0,0,1,6,1,27,321.2818349235064,6.0
1,1,1,0,1,12,0,26,209.68439322462447,9.0
0,1,0,0,1,1,0,24,86.12772482686218,1.0
1,1,0,0,1,1,1,26,67.2610716788711,1.0
1,1,0,0,1,6,0,28,228.01204735731014,6.0
1,1,1,0,1,1,0,34,40.73025742343452,1.0
0,1,1,0,1,1,1,30,335.3537158611245,1.0
0,1,0,0,0,1,0,26,24.29140309654039,1.0
1,0,1,0,0,1,0,29,24.67079196226975,1.0
1,1,1,0,1,1,1,31,50.433753530000345,1.0
1,1,0,0,1,6,0,30,10.919044681072593,5.0
1,1,1,1,1,12,0,28,32.976387724547976,12.0
0,1,0,0,1,1,0,32,243.71337145740844,1.0
1,1,0,0,1,1,1,28,170.79842607265127,1.0
0,1,1,0,1,12,1,35,302.00443083954355,9.0
0,1,0,1,1,6,1,29,303.5104433244452,4.0
0,1,0,0,1,1,1,31,82.59996590249273,1.0
1,1,0,0,1,6,1,29,342.98703244810014,5.0
1,1,0,1,1,6,1,27,24.91618310265821,6.0
0,1,1,1,1,1,0,30,127.8591562494898,1.0
1,0,1,0,1,1,0,32,57.51539242101114,1.0
1,1,0,0,1,6,0,31,144.8415367648187,4.0
1,1,0,0,1,1,0,29,213.94692758823544,1.0
0,1,0,0,1,12,0,35,360.61857555630274,11.0
1,1,0,0,1,12,0,31,65.67592732009587,12.0
0,1,0,0,1,1,0,26,15.328376117378795,1.0
0,1,0,1,1,12,1,28,51.97827267892687,12.0
0,1,0,0,1,1,1,30,11.843242868032293,1.0
0,0,1,0,1,6,0,27,318.75691167898066,6.0
0,1,0,1,1,12,0,25,234.9427905395784,12.0
0,0,1,0,1,6,0,26,47.00423744234995,3.0
0,1,1,1,1,12,1,31,287.29705709291824,12.0
1,1,0,0,1,1,1,29,271.6048832197254,1.0
1,1,1,0,1,12,0,28,232.83945736615232,12.0
0,1,1,1,1,1,1,31,219.12254489991574,1.0
0,1,0,0,1,1,1,30,90.10934112285372,1.0
1,1,0,0,1,1,0,29,75.53808544327066,1.0
1,0,1,0,1,1,1,29,248.60649147095185,1.0
0,1,0,0,1,1,1,28,106.45553374546051,1.0
0,1,0,0,1,6,0,25,389.03571295000967,3.0
0,1,0,0,0,6,0,29,55.53736379957958,6.0
0,1,0,1,1,1,0,34,263.30273043547453,1.0
1,1,0,0,0,1,0,30,275.2715374760006,1.0
1,1,1,0,1,1,0,24,102.06242652162935,1.0
0,1,0,0,0,12,0,31,158.27343319983322,12.0
0,1,1,1,1,1,1,27,365.0275181922429,1.0
0,0,0,0,1,1,0,37,197.86792062059345,1.0
1,1,1,1,1,6,0,28,185.49846613594747,6.0
0,1,0,0,1,12,0,34,11.127883866898317,6.0
0,1,1,1,1,12,1,34,184.37104259041985,7.0
0,0,0,0,1,1,0,26,230.69206910404728,1.0
0,1,1,1,1,6,0,29,40.95220335597335,6.0
0,1,0,0,1,1,0,32,81.83716704678288,1.0
1,1,1,0,1,12,0,33,68.76541578068772,12.0
0,1,0,0,1,1,1,32,37.75138113180947,1.0
1,1,1,0,1,12,0,34,4.0243778615295485,6.0
0,1,0,0,1,1,1,25,41.55150809284235,1.0
1,1,1,1,0,12,1,27,263.7628811556541,2.0
0,0,0,0,1,1,1,28,74.19020519936521,1.0
0,1,0,0,0,1,0,30,79.08044426272299,1.0
0,1,1,0,1,1,1,20,118.70068784010328,1.0
0,1,1,0,1,1,1,33,1.4015965984940737,1.0
0,1,1,1,1,12,0,28,107.01030208279707,8.0
1,0,1,0,1,6,0,27,341.8389895686342,6.0
0,0,1,0,1,1,0,29,46.92935853025304,1.0
1,1,1,0,1,12,0,34,109.73111012988727,12.0
1,1,1,1,0,12,0,28,194.68809991755768,11.0
1,1,1,0,1,1,0,25,170.77453290536926,1.0
1,0,1,0,1,1,1,27,69.98605552202432,1.0
1,1,1,0,1,12,0,28,304.9223802169996,12.0
1,1,1,1,1,12,1,32,167.51519404044606,6.0
0,1,0,0,1,1,0,29,48.331511586843284,1.0
1,1,1,1,0,12,0,28,157.8220441266011,12.0
0,1,0,0,1,1,0,30,20.711405156931434,1.0
0,0,1,1,1,6,1,25,207.0797105977189,5.0
0,1,1,1,1,12,1,29,110.83724469718616,11.0
0,1,1,1,1,6,0,26,20.202207479636282,6.0
0,1,1,1,1,12,0,26,255.89667111060075,12.0
0,1,1,1,1,1,1,27,61.347168714423006,1.0
0,1,1,0,1,6,0,29,282.9571186587658,6.0
1,1,0,0,1,1,0,26,164.31977519485247,1.0
1,1,0,0,1,1,0,28,100.94944166830606,1.0
0,0,1,0,1,12,0,33,193.7102762972168,11.0
0,1,0,0,1,1,0,32,119.15671783570694,1.0
1,1,0,0,1,1,1,28,87.74023097996998,1.0
1,1,0,1,1,6,1,29,330.41903319446817,6.0
0,1,1,1,1,1,1,24,56.041705200587046,1.0
1,1,0,0,1,1,0,29,129.49261462636082,1.0
1,1,1,0,1,1,0,28,244.31193455448602,1.0
0,1,1,1,1,6,0,31,54.86981361656167,6.0
0,1,0,0,1,1,0,31,131.4962448565968,1.0
0,1,0,0,1,1,0,30,311.91508755962815,1.0
1,1,1,0,1,1,0,31,58.46380010975628,1.0
0,1,0,0,1,12,0,32,131.11467305265785,12.0
0,1,0,0,0,1,0,30,5.812304034204723,1.0
0,1,1,0,1,6,0,26,203.73174254453625,6.0
0,1,1,1,1,12,1,26,13.118461837388894,11.0
1,1,0,0,0,1,1,26,159.1069811146641,1.0
1,1,0,1,0,1,1,24,102.12504841431999,1.0
1,1,0,0,1,1,0,25,181.03799733978872,1.0
1,1,1,0,1,12,1,31,136.8422948896924,11.0
1,0,1,0,0,1,0,23,12.659007334288065,1.0
0,1,0,0,1,6,1,33,84.25148707866411,6.0
0,0,0,0,1,1,0,30,189.26715903136585,1.0
0,1,1,1,1,12,1,30,161.48621609467546,12.0
0,1,0,0,1,1,0,35,191.5712425281676,1.0
0,1,0,0,1,1,1,33,213.8178606705759,1.0
0,1,0,0,1,1,0,35,187.67315476530644,1.0
0,1,0,0,1,1,1,31,174.65845497131664,1.0
1,0,1,0,1,12,0,24,154.15849307645098,12.0
0,1,0,0,1,1,0,24,201.1207115268237,1.0
0,0,1,1,1,1,0,32,179.41162001706192,1.0
0,0,0,0,1,1,0,32,18.631544553859726,1.0
0,1,0,0,1,1,0,32,91.41121349054517,1.0
1,1,1,1,0,6,0,32,262.9470604935144,5.0
0,1,0,1,1,1,0,24,149.50789165573804,1.0
1,0,1,1,1,6,0,29,174.3838597533118,6.0
1,1,0,0,1,1,1,28,181.5174007598576,1.0
0,1,1,1,1,1,1,32,21.162212944293515,1.0
1,1,1,1,0,6,0,29,36.66202082032622,6.0
0,1,0,0,1,1,0,28,273.354891564687,1.0
1,1,1,1,1,12,0,31,182.20490234635318,12.0
1,1,1,1,0,12,0,27,3.520302781065176,11.0
1,1,1,1,1,6,1,35,77.62421208652017,6.0
0,1,0,0,1,1,1,33,222.1319914903352,1.0
0,1,1,1,1,12,0,24,89.5958730783227,12.0
1,0,0,0,1,1,0,31,113.58614408602145,1.0
0,1,1,0,1,12,1,28,205.06994601138769,8.0
0,1,1,1,1,1,0,28,211.26641555297542,1.0
1,1,0,0,1,12,1,29,128.22334310102252,11.0
0,0,0,0,1,12,1,37,23.840704416354484,11.0
0,1,0,0,1,1,1,28,22.166231877426867,1.0
1,1,0,0,0,1,0,31,298.41865393928117,1.0
1,1,1,1,1,12,1,26,56.94788281980632,11.0
0,0,1,0,1,1,0,20,187.73540086270768,1.0
1,1,0,0,1,1,0,28,297.399090279333,1.0
0,1,0,0,1,1,0,22,63.21932575138136,1.0
1,0,1,0,1,6,0,32,87.07834164829247,6.0
1,1,1,1,1,1,0,24,106.70194493786943,1.0
0,1,0,0,1,12,1,23,183.97524473445083,12.0
0,1,1,0,1,6,0,29,270.9020689116469,6.0
1,1,1,0,1,12,0,27,337.58808581146087,12.0
0,1,1,0,1,1,0,28,72.72120644384663,1.0
0,0,0,0,1,1,0,28,141.2200859346874,1.0
0,0,0,0,1,1,0,24,51.252090195045916,1.0
1,1,1,0,1,12,1,33,26.23323994795761,9.0
1,1,0,0,1,1,0,32,143.08480517811242,1.0
1,1,0,0,1,1,0,21,258.05757766327525,1.0
0,0,0,0,0,12,1,28,334.4485301610483,12.0
0,1,0,0,1,1,0,31,133.2095788837479,1.0
0,0,1,0,1,1,1,34,304.79502874757463,1.0
1,1,0,0,1,1,1,23,164.1463859895106,1.0
0,1,1,1,1,1,1,33,165.8791623233464,1.0
1,1,1,1,1,1,0,26,237.1777479544465,1.0
1,0,1,0,1,6,0,29,209.8051088998516,6.0
1,1,0,0,1,1,1,29,270.4350936701486,1.0
1,1,1,0,1,1,0,28,15.664603547391536,1.0
1,1,0,0,1,6,1,23,114.31646043553543,4.0
0,1,0,0,1,1,1,35,298.19883729584814,1.0
1,1,0,0,1,1,1,28,185.0321307883902,1.0
0,1,1,1,1,6,0,33,300.78620691934844,6.0
1,1,0,0,1,1,0,23,202.25881226356026,1.0
0,1,0,0,1,12,0,32,212.38102366570573,11.0
1,1,0,0,1,1,0,29,101.9893548456263,1.0
1,1,0,0,0,1,1,30,201.4511377530918,1.0
0,0,0,0,1,1,0,25,124.02767683973974,1.0
0,1,1,1,1,12,1,29,267.6488899712516,12.0
1,1,0,0,1,12,1,27,68.80976188437782,5.0
0,1,1,1,1,12,0,29,10.071896219120957,12.0
1,0,0,0,1,1,0,28,147.90686107582158,1.0
1,1,0,1,1,6,1,30,140.5278325658633,6.0
1,1,1,1,1,6,0,32,190.14349000255814,6.0
1,0,1,0,1,6,0,30,168.47356814199424,6.0
0,0,1,0,1,1,1,23,286.2619089801683,1.0
0,0,1,0,1,12,0,31,185.92254569312504,12.0
1,1,0,0,1,12,0,33,205.2390266739363,12.0
1,1,0,0,1,1,0,31,128.91794496752766,1.0
1,1,1,1,1,6,1,28,168.1653575817181,6.0
1,1,1,0,1,12,1,30,238.3626062455386,12.0
0,1,0,0,0,6,1,29,54.004443762635404,6.0
0,1,0,0,1,1,1,24,14.70776355941858,1.0
1,1,0,0,1,1,0,24,114.67628726390149,1.0
0,1,0,0,1,1,1,27,34.54852970227054,1.0
1,1,0,1,1,12,0,29,0.2516057215197094,12.0
1,0,1,0,1,6,0,32,50.70322709879865,6.0
0,1,0,0,1,1,1,34,113.50853406945402,1.0
1,1,0,0,1,1,0,22,8.986968460309654,1.0
0,0,1,0,1,12,1,31,88.95602605095844,12.0
1,1,0,0,1,6,0,34,180.9639804439948,6.0
0,1,1,0,1,12,1,29,29.08594763238379,12.0
0,1,0,0,1,1,1,25,136.3851303811885,1.0
0,0,1,0,1,1,0,24,33.95706944251225,1.0
0,1,1,0,1,6,0,28,141.35829747011712,3.0
0,1,0,0,1,1,0,27,183.18661573480873,1.0
1,1,1,1,1,6,0,24,18.20439970774214,5.0
0,0,1,0,1,12,0,20,12.668363278842365,12.0
0,1,0,0,1,12,1,30,125.77811892716541,8.0
1,1,0,0,1,6,0,33,107.47692285698143,6.0
1,1,0,0,1,1,0,34,296.5848256970058,1.0
0,1,1,0,1,6,1,28,135.92394807638442,6.0
1,1,1,1,1,12,1,26,81.02467690501004,12.0
0,1,0,0,1,6,0,26,276.9727239403987,6.0
1,1,1,0,0,12,0,36,121.40472330921487,12.0
1,1,0,0,1,1,0,26,13.818039425637489,1.0
1,1,1,1,1,12,1,31,259.52812173263027,10.0
0,1,1,0,1,1,0,28,17.900822157981374,1.0
0,1,0,0,1,12,0,32,182.6722908335252,12.0
1,1,0,0,1,1,0,29,47.2771036272527,1.0
1,0,0,0,1,1,0,27,169.4381176716474,1.0
0,0,0,0,1,6,1,34,36.45223616227229,6.0
0,1,1,0,1,6,1,33,40.373352293350074,6.0
1,1,0,0,1,12,1,31,165.97620034542945,12.0
0,1,0,0,1,1,0,30,74.34431129853206,1.0
1,1,0,0,1,1,1,37,11.378760075966325,1.0
1,1,1,1,1,1,0,35,282.39843646056687,1.0
0,1,1,0,1,1,1,31,160.61505908560832,1.0
1,1,1,0,1,1,0,28,269.9964578377976,1.0
0,1,1,1,0,12,1,34,68.27358904357806,12.0
1,1,0,0,0,1,1,29,25.030533597565352,1.0
0,1,0,0,1,6,1,26,286.759012206373,4.0
1,0,1,0,1,6,0,30,297.1898155902279,5.0
1,1,1,0,1,12,1,28,335.11655099091126,11.0
1,1,0,0,0,1,0,28,107.85798354841472,1.0
0,1,0,0,1,1,1,26,172.2210791668222,1.0
1,1,1,0,1,1,0,34,8.698360222169057,1.0
1,0,1,1,1,1,0,30,291.72271633686483,1.0
0,1,0,0,1,12,1,24,44.03701821599165,11.0
1,1,0,0,1,1,0,31,69.47306472683435,1.0
1,1,1,1,1,12,0,29,167.5114834764292,11.0
1,1,1,0,1,12,0,29,242.37439212044154,10.0
1,1,1,1,1,6,0,21,134.68930940013954,6.0
0,1,0,1,1,1,0,31,195.2690628447768,1.0
0,1,0,0,1,1,1,28,188.10770206662025,1.0
0,1,1,0,1,6,0,31,246.42337210346105,6.0
1,1,0,0,1,1,0,31,256.05854198409713,1.0
0,1,0,0,1,1,1,31,57.73976157375759,1.0
1,1,0,1,1,1,1,30,66.3113215725881,1.0
0,1,1,1,1,6,0,35,77.83612466614166,6.0
0,1,0,0,1,1,0,25,125.38205632830216,1.0
1,1,0,0,1,1,0,25,108.82961742873856,1.0
0,1,0,0,1,1,0,32,143.670704592324,1.0
0,1,0,0,1,6,1,30,201.62261459747646,6.0
1,1,0,1,1,1,0,27,246.69367492221429,1.0
1,1,0,0,1,1,1,30,40.61909553530333,1.0
1,0,1,0,1,1,0,25,44.187237853165186,1.0
0,1,1,1,0,1,0,29,347.4766244291207,1.0
1,1,0,0,0,1,0,28,37.133889861926185,1.0
1,1,0,0,1,1,0,27,373.69665012264016,1.0
0,1,1,1,0,6,0,25,221.0165363585588,5.0
0,1,0,0,1,6,1,30,115.76395675061,6.0
0,1,0,0,1,6,1,36,184.7275893696425,6.0
1,1,0,1,1,12,0,32,96.8778279807333,11.0
0,1,1,0,1,12,0,32,155.69039514242868,11.0
0,1,0,0,1,1,1,26,46.881646355174595,1.0
0,1,1,0,1,12,0,23,112.06578405969204,12.0
0,0,1,0,1,1,0,28,182.83358655385854,1.0
1,1,0,0,1,12,1,33,220.2483412893764,10.0
1,1,0,0,1,1,0,34,254.1477487038254,1.0
1,1,0,0,1,1,0,23,87.04726534641478,1.0
1,0,1,0,0,1,0,33,181.72106467836244,1.0
1,1,0,1,1,1,0,25,226.61709089768232,1.0
1,1,1,1,1,12,0,26,218.2067708828048,9.0
1,0,1,0,1,12,0,27,65.96071362808406,11.0
1,1,0,0,1,1,0,26,42.631634858158186,1.0
0,1,1,0,1,6,0,29,50.5206112942493,5.0
1,1,1,0,1,1,0,25,209.0099382833044,1.0
1,1,1,1,1,6,1,30,110.60719017196251,6.0
0,1,1,1,1,12,1,35,231.25148642944697,12.0
0,1,1,0,0,12,1,29,154.66267019173418,12.0
0,1,1,1,1,1,1,29,23.59773876820916,1.0
0,1,0,0,1,12,1,26,129.75202384914837,12.0
1,1,1,0,1,6,1,31,66.25946303488044,5.0
0,1,0,1,1,1,0,25,248.09034500920586,1.0
1,0,1,0,1,1,1,27,72.6199236434882,1.0
0,1,0,0,0,1,0,34,88.65325999456734,1.0
1,1,1,1,1,6,1,31,30.383699633993345,6.0
0,1,0,0,1,6,1,28,87.07362077534418,6.0
0,1,1,1,1,6,0,36,165.19709726665874,6.0
0,1,1,1,1,6,0,31,225.14273861142945,5.0
0,1,1,1,0,12,1,27,215.2804569557356,12.0
1,1,1,0,0,1,0,32,49.114506599784356,1.0
0,1,1,0,1,1,1,26,24.39244683257388,1.0
1,1,1,1,0,12,1,28,100.40590664803464,10.0
0,1,1,1,1,12,1,31,268.09749330459226,12.0
1,1,0,0,1,1,0,33,148.41227395490984,1.0
0,1,0,0,1,6,0,33,44.28587572770049,6.0
0,1,0,0,1,1,0,29,172.76532280713425,1.0
1,0,0,0,1,1,0,31,59.989137053215245,1.0
0,1,1,1,1,12,1,32,189.54338123925373,12.0
1,1,0,0,1,1,1,28,36.21724356957984,1.0
0,0,0,0,1,1,0,27,180.3748297782473,1.0
0,1,0,0,1,1,1,25,137.02392226061514,1.0
0,1,1,1,1,6,0,31,190.4271570692275,6.0
0,1,0,0,1,1,1,41,310.4635781432829,1.0
0,1,0,0,1,1,0,34,121.21693882663963,1.0
1,1,1,1,1,12,0,27,341.5808309351034,12.0
1,1,0,0,1,1,1,26,258.0972448369472,1.0
0,1,1,0,0,1,0,25,252.73277124561287,1.0
1,1,0,0,1,1,0,27,3.6504302587599895,1.0
1,1,0,0,1,1,0,31,62.453393926751396,1.0
0,1,0,0,0,1,1,26,143.57029669280752,1.0
0,1,1,1,1,12,0,30,166.68704205761716,12.0
1,1,0,0,1,1,1,34,5.2687901906605665,1.0
1,1,0,1,1,1,0,27,92.62511215974644,1.0
1,1,1,1,1,6,0,26,172.1971526989524,6.0
1,1,1,1,1,6,0,27,15.562016131770058,4.0
0,1,0,0,1,1,1,28,56.97521475622914,1.0
1,1,1,0,1,12,0,26,273.9253400681991,12.0
1,1,0,0,1,6,0,31,188.43954722206212,5.0
1,1,1,1,1,1,0,25,6.287999824087121,1.0
1,1,1,0,1,1,0,29,42.40819239136575,1.0
1,1,0,0,1,1,0,31,115.36582155789505,1.0
0,1,0,0,1,12,0,30,202.1802489362198,12.0
1,1,0,0,1,1,1,22,118.58462167428392,1.0
1,1,1,0,1,1,0,21,68.02117463480758,1.0
0,1,0,0,0,1,0,27,130.14413074375966,1.0
1,1,1,1,1,6,0,30,13.316414272332622,6.0
1,1,1,1,0,12,1,34,232.14844844138844,10.0
1,1,1,1,1,1,1,25,162.04167998313062,1.0
0,1,0,0,1,1,0,32,66.04857749347896,1.0
0,1,0,0,1,1,1,35,7.171343803001987,1.0
1,1,0,0,1,1,0,25,307.8122987223972,1.0
0,1,0,1,1,1,0,26,346.16789816492826,1.0
0,1,1,1,1,1,1,26,273.7341957735027,1.0
0,1,1,0,1,1,1,34,199.442285370315,1.0
0,1,1,0,1,1,1,30,110.01161938103449,1.0
1,1,1,0,1,12,1,31,146.71140559519063,2.0
1,1,1,1,1,6,0,32,238.04946940539685,6.0
1,1,1,1,0,6,0,32,98.248562365834,4.0
1,1,1,1,1,6,1,29,13.002485159134855,6.0
0,1,1,0,1,1,1,30,143.50758350328223,1.0
1,0,0,0,1,1,0,25,71.90100353172024,1.0
1,0,1,1,1,1,0,28,127.44944128162449,1.0
0,1,1,0,1,6,1,27,142.46902480588966,6.0
1,0,1,0,0,1,1,28,123.89754770683788,1.0
0,1,0,0,1,1,1,26,100.81848711775189,1.0
0,1,1,1,1,12,1,26,307.5685844636217,12.0
1,0,0,0,1,1,1,27,124.99985427954188,1.0
1,1,0,0,1,1,0,26,114.09276814304859,1.0
0,1,1,1,1,1,0,29,2.6650163404915763,1.0
1,0,1,0,1,1,0,32,113.90339025497951,1.0
1,1,0,0,1,1,1,27,6.554918566615387,1.0
0,1,0,0,1,1,0,24,60.596993124363614,1.0
1,1,0,0,1,6,1,28,267.03600917109134,4.0
1,1,1,0,1,6,0,30,120.90735264778463,6.0
1,1,0,0,1,1,0,27,185.243723591028,1.0
1,1,0,0,1,1,1,31,225.7449060662791,1.0
0,0,1,0,1,6,0,29,30.3795082573767,6.0
1,1,1,0,1,1,0,27,40.30836106481822,1.0
0,1,1,1,1,1,1,29,7.0591509968107164,1.0
1,1,0,0,1,6,1,32,104.2373481992864,5.0
0,0,0,0,1,6,0,34,198.18346640524564,6.0
1,1,0,0,1,12,0,29,132.67143635191144,10.0
0,1,1,0,1,12,1,27,186.7879654181632,11.0
0,0,0,0,1,6,1,25,85.09113250711852,6.0
1,1,1,1,1,12,0,32,143.58510674439742,8.0
1,1,1,1,0,1,0,32,212.0862907157141,1.0
1,1,0,0,1,1,0,27,58.172630349640464,1.0
1,1,1,1,1,1,0,25,33.755315551102115,1.0
0,1,0,0,1,6,1,28,203.3673296285548,6.0
0,1,0,1,1,1,1,33,3.2148185811108902,1.0
0,1,1,0,1,1,0,29,136.03896688236952,1.0
1,1,0,1,1,12,1,31,375.02537237898605,9.0
0,1,1,0,1,6,0,31,390.4789972116687,5.0
1,0,1,0,1,1,0,25,83.72782796356975,1.0
0,1,1,0,0,1,1,28,120.5557484704165,1.0
0,1,0,1,1,1,0,28,15.908445210019801,1.0
0,0,0,0,1,1,0,26,38.570304657773136,1.0
0,1,1,1,1,1,1,26,135.86012804775902,1.0
1,1,0,0,1,1,0,28,210.80193370872416,1.0
1,0,1,0,1,1,0,28,111.83871553555902,1.0
1,1,1,1,1,6,1,29,155.22243890370225,6.0
1,1,1,0,1,1,0,32,185.01042661936162,1.0
0,1,0,0,0,6,1,31,4.217935926648899,6.0
0,1,1,0,1,1,1,32,287.64866848837397,1.0
0,1,1,0,1,12,1,27,211.99260920072075,12.0
0,1,1,0,1,1,1,33,163.08027577848438,1.0
1,1,1,1,1,12,1,27,150.70210335222959,12.0
1,1,1,0,1,1,0,36,198.06693056705555,1.0
1,1,0,0,1,12,0,32,88.49456197528093,12.0
1,1,1,0,1,6,0,26,275.50736963508893,6.0
0,1,1,1,1,1,1,33,243.298215066616,1.0
1,1,0,0,1,1,0,32,0.4282334090256086,1.0
1,1,0,0,1,6,1,27,246.8557585922902,6.0
0,1,1,1,1,1,1,31,176.58953059304963,1.0
0,1,1,0,1,6,0,31,54.852256817826174,6.0
1,1,1,1,1,12,0,36,22.644253414856962,8.0
1,1,0,0,1,1,0,29,194.98268736715926,1.0
0,1,0,0,1,1,0,27,335.6303985514,1.0
0,1,0,0,1,1,0,23,73.41221917867527,1.0
1,0,1,0,1,1,0,32,193.57900020588832,1.0
0,0,0,0,1,1,1,30,204.7574636532971,1.0
0,1,0,0,1,1,1,29,141.86703467254625,1.0
1,1,0,0,1,1,1,26,236.8140910571664,1.0
0,1,1,1,0,12,0,32,243.35349724433758,12.0
1,1,0,0,0,12,0,29,237.6850904619768,12.0
0,1,0,0,1,12,0,31,118.77789887648458,12.0
0,1,0,0,1,1,0,27,288.87259974778436,1.0
1,1,0,1,1,6,1,30,218.94456220801743,5.0
1,1,0,1,1,1,0,24,35.66412536179639,1.0
1,1,1,0,1,6,1,24,115.68574786177572,6.0
1,1,1,1,1,12,1,33,259.638019714763,12.0
0,0,0,0,1,6,0,29,47.929064091849135,6.0
0,1,1,0,1,6,0,28,137.7438004137748,6.0
0,1,0,0,1,1,0,26,64.70358542783357,1.0
1,0,0,0,1,6,0,30,143.36784063009162,6.0
0,1,0,0,1,12,0,28,141.3321509716341,12.0
1,0,1,0,1,1,0,33,178.1731909740142,1.0
0,1,0,0,1,12,0,37,133.45041101567122,12.0
0,1,1,1,1,6,0,30,108.16332437405552,6.0
0,1,1,0,1,1,0,31,69.8344739789672,1.0
1,1,1,0,1,1,0,23,19.266492939346648,1.0
0,1,0,0,1,1,0,25,236.03754369714963,1.0
1,1,0,0,1,1,0,31,65.95244824122642,1.0
0,1,0,0,1,12,0,29,311.4574001283469,12.0
0,1,1,1,1,1,1,34,2.951719940857416,1.0
0,1,0,0,1,1,0,33,232.4031191229841,1.0
0,1,1,0,1,1,1,23,89.93051523925722,1.0
1,1,0,0,1,1,0,27,174.7884567929443,1.0
1,1,0,0,1,1,0,33,93.44335951780769,1.0
0,1,0,0,1,1,1,24,146.71211959288559,1.0
1,0,1,0,1,1,0,28,58.43024172095284,1.0
0,1,1,1,1,1,1,30,255.57883867850086,1.0
1,1,1,0,1,6,1,25,164.24367665550034,6.0
0,0,0,0,1,1,0,23,7.0622286088252375,1.0
1,0,1,0,1,6,0,25,248.11716900894314,6.0
0,1,1,1,1,12,1,27,40.23451781946129,9.0
0,1,1,0,1,6,0,26,99.49386114292288,6.0
1,1,1,0,1,12,0,28,59.89388941502892,9.0
1,1,0,0,1,12,1,35,258.9316986053413,9.0
0,1,1,1,1,1,0,23,100.54378373291357,1.0
1,1,0,0,0,1,1,32,179.23802621793618,1.0
1,1,1,1,1,1,0,27,43.835414249498406,1.0
1,1,0,0,1,1,1,29,185.27065832230642,1.0
1,1,1,0,1,6,0,28,118.46592730317823,6.0
1,0,0,0,1,1,0,26,85.33765337773094,1.0
1,1,0,0,1,1,1,25,130.7144617614835,1.0
0,1,1,1,0,1,0,27,199.4748605928537,1.0
1,1,0,0,1,1,0,26,291.61280375942795,1.0
0,1,1,1,1,12,1,31,326.5696819835918,12.0
0,1,1,0,1,12,0,27,26.345543874465278,12.0
0,1,0,1,1,6,1,35,93.14151398417671,6.0
1,1,1,1,1,6,1,26,227.348222221007,5.0
1,0,1,0,1,1,0,33,4.324223933376885,1.0
0,0,1,0,1,6,1,28,156.69939152300017,6.0
1,1,0,0,1,1,1,34,9.434824742919432,1.0
0,1,1,1,1,1,1,31,114.13888879061358,1.0
1,1,1,0,1,1,0,32,110.04989358103407,1.0
1,1,0,0,1,1,0,30,145.56568743891032,1.0
1,1,1,1,1,1,1,29,75.0194233824964,1.0
0,1,0,1,1,6,0,27,48.365475960806144,6.0
1,1,0,0,1,12,0,26,95.87428670651316,12.0
0,1,1,0,0,12,1,31,227.15949987016108,12.0
1,1,1,1,0,6,0,27,106.2823307103199,6.0
0,1,0,0,1,6,1,29,33.003530312096586,6.0
1,1,0,0,0,12,1,28,212.61918748435485,10.0
1,1,1,1,1,12,0,31,48.27545976087409,11.0
0,1,1,1,1,12,1,32,115.11798288717328,11.0
1,1,1,1,1,1,0,30,85.80615454575144,1.0
1,1,1,0,1,6,1,36,3.660820075068422,6.0
1,1,1,0,1,1,0,29,112.9129041854795,1.0
0,1,1,1,1,1,0,26,233.0714229877116,1.0
1,1,0,0,1,1,0,27,67.2799060717944,1.0
0,1,0,0,1,1,0,27,81.7526432402334,1.0
1,1,0,0,1,1,0,25,93.096462399476,1.0
0,1,0,0,1,1,0,32,268.72203839121147,1.0
1,1,1,0,1,1,0,29,190.66151249758968,1.0
0,1,1,0,1,12,0,26,70.78964995588231,10.0
0,1,0,0,1,12,1,26,93.29053472113128,11.0
1,0,1,0,1,1,0,32,219.79528635127315,1.0
0,1,1,0,1,1,1,25,128.12125852690212,1.0
0,1,0,0,1,1,1,33,101.8978342737989,1.0
1,1,1,1,1,1,0,25,230.087841266948,1.0
1,1,0,0,1,1,0,29,139.9608370226238,1.0
1,1,0,1,1,12,1,28,88.11947654975313,12.0
0,1,1,1,1,1,0,28,45.142002091511536,1.0
0,1,0,1,0,1,1,26,46.943630122129285,1.0
0,1,0,0,0,1,0,31,129.13879709536866,1.0
1,1,1,0,1,1,0,31,192.4615711639765,1.0
0,1,1,0,1,12,1,27,78.07185485190341,12.0
0,1,1,0,1,12,0,26,400.43884834720114,12.0
1,1,0,0,1,12,1,33,34.792435075811184,10.0
1,1,0,1,1,6,1,24,113.0339868554672,6.0
0,1,0,0,1,1,0,31,144.42131721600623,1.0
1,1,0,0,1,1,0,23,76.85218126873633,1.0
0,1,0,0,1,1,0,26,109.54929949295008,1.0
1,1,0,0,1,1,0,30,0.7104878214237758,1.0
1,1,0,0,1,6,0,28,230.8400715171606,6.0
0,0,0,0,1,1,0,30,71.58556747195655,1.0
0,0,0,0,1,6,0,34,326.20459816502995,5.0
1,1,1,1,1,12,1,32,4.556640835426336,10.0
0,1,1,1,1,6,0,28,205.45087315023613,6.0
1,1,0,0,1,1,1,25,169.90350642022682,1.0
0,1,1,0,1,12,1,28,84.36994493585499,12.0
1,1,1,1,1,12,1,27,41.251090505436004,8.0
0,1,1,1,1,12,1,26,23.620883981381198,12.0
0,1,1,0,1,6,0,28,243.7431203041013,6.0
0,1,1,1,1,6,0,33,38.57255026556389,5.0
0,1,0,0,1,1,0,26,301.7198067817875,1.0
0,1,0,1,1,1,0,28,238.06974640878047,1.0
0,1,1,1,1,1,0,30,175.8782923350662,1.0
0,1,0,0,0,1,1,33,148.780016159952,1.0
1,0,0,0,1,1,0,26,223.8734713126895,1.0
1,0,0,0,1,12,0,30,101.75224666446428,12.0
0,1,1,1,1,12,1,38,156.3350137496791,12.0
1,1,1,1,1,6,1,35,102.60437485894474,5.0
1,0,0,0,1,1,0,28,144.23969634550622,1.0
1,1,0,0,1,12,1,34,22.801100743527602,10.0
1,1,1,1,1,12,0,27,64.34271519256386,10.0
0,1,1,1,1,1,1,26,116.74854033740615,1.0
1,1,0,0,1,1,1,28,251.27073173940758,1.0
0,0,0,0,1,12,0,28,252.16047567052502,12.0
1,1,0,0,1,1,1,26,245.59306685967832,1.0
1,1,0,0,1,1,1,34,52.501627170534455,1.0
1,1,0,0,1,1,0,33,66.41949985098354,1.0
1,1,1,0,1,6,1,27,76.12314728408052,4.0
0,1,0,0,1,1,0,33,14.852518792656937,1.0
1,1,0,0,1,1,0,26,332.0022124310275,1.0
1,1,1,0,1,12,0,35,131.56031275299006,6.0
0,1,1,1,1,12,1,34,61.51320007459724,12.0
1,1,0,0,1,1,1,30,124.2086846189467,1.0
1,1,0,0,1,1,0,26,132.66190458720527,1.0
0,1,0,0,1,6,0,31,5.145095773335584,6.0
1,1,0,0,1,1,1,29,168.21924094287272,1.0
1,1,0,1,0,6,1,31,193.28415434833232,6.0
1,0,0,0,1,1,1,27,23.36614092782209,1.0
0,1,1,1,1,12,1,28,275.22864223369066,12.0
1,1,0,1,1,1,0,30,291.3340189498217,1.0
1,1,0,0,1,1,1,32,130.01666547332806,1.0
1,1,1,0,1,1,0,26,25.958454698284,1.0
0,1,1,0,1,1,0,31,182.6968988826672,1.0
1,1,0,0,1,1,1,33,130.40772885490796,1.0
0,1,1,1,1,1,0,31,107.68806143265994,1.0
1,1,0,0,1,1,1,32,181.4995063999707,1.0
0,1,0,0,1,1,1,30,44.41910072373985,1.0
0,1,0,0,1,1,0,27,104.74033499350674,1.0
0,0,0,0,1,1,0,32,91.21212358791037,1.0
1,0,0,0,1,1,0,31,180.52488863182109,1.0
0,1,1,1,1,1,1,31,221.62849769007968,1.0
0,1,1,0,1,12,1,31,49.6844057020624,12.0
0,1,1,1,1,12,0,31,137.05436725689816,11.0
0,0,0,0,1,1,0,26,48.802683605020675,1.0
1,1,0,0,1,1,1,29,139.8258951345035,1.0
0,1,0,0,1,1,0,25,149.19671609727283,1.0
0,0,0,0,1,6,0,27,137.37091691557916,6.0
1,1,1,0,1,6,1,26,241.918825608546,6.0
1,1,1,1,1,1,0,22,21.79064250262105,1.0
0,1,0,0,1,1,1,29,0.17186230342949926,1.0
0,1,1,0,1,1,0,31,364.3269276491144,1.0
0,0,1,0,1,1,0,32,189.89533965342937,1.0
0,1,1,1,1,1,0,32,272.63696380286115,1.0
0,1,0,0,1,1,0,28,86.63247139214626,1.0
0,1,1,0,1,12,0,33,196.45705348308655,12.0
0,1,0,0,1,1,0,25,272.6140067922244,1.0
1,1,0,0,1,12,1,30,214.33856838928418,11.0
0,1,1,0,1,1,0,26,145.74608331878989,1.0
1,1,1,0,1,12,0,30,254.82849262293405,12.0
0,0,0,0,1,6,1,28,81.25268538945234,6.0
0,0,0,1,1,1,0,29,158.7159346742398,1.0
0,0,1,0,1,6,0,31,94.58675014860032,6.0
0,1,1,1,1,12,0,24,6.5451616830701695,12.0
1,1,1,0,0,1,0,26,73.23603737436741,1.0
0,0,1,0,0,6,1,30,275.30259428714623,6.0
0,1,1,0,1,12,0,29,72.36459657046926,8.0
0,1,0,0,1,6,0,30,7.486945086137368,6.0
0,1,0,0,1,12,1,28,76.4486670719802,11.0
1,1,1,0,1,1,0,27,174.32656563608052,1.0
0,1,1,1,1,1,1,31,44.84510463133125,1.0
0,1,0,0,1,1,0,27,187.04106455970123,1.0
0,0,1,0,1,1,0,31,88.03828816689257,1.0
1,1,1,0,1,12,1,29,94.24309175315376,11.0
1,1,1,0,1,6,0,29,121.25680016620794,5.0
0,1,1,0,0,12,0,31,183.3536158030836,10.0
1,1,1,0,1,6,1,34,377.9153828441298,6.0
1,1,1,0,1,1,1,28,68.62921760832799,1.0
1,1,0,0,1,1,0,28,73.62710006316908,1.0
1,1,1,0,1,1,1,22,132.17375574088027,1.0
0,1,0,0,1,1,1,24,92.86968095309427,1.0
0,1,1,0,0,6,1,31,282.9298669479633,6.0
0,1,1,0,1,1,1,30,96.31384393914696,1.0
0,1,1,1,1,12,1,31,281.24777661591804,12.0
1,1,0,1,1,6,1,32,126.9223463469219,6.0
0,1,1,1,1,12,1,28,91.17066524147829,5.0
1,1,0,0,1,1,1,29,273.39595955174707,1.0
0,1,1,1,1,1,0,33,54.6795574094411,1.0
0,1,1,1,1,12,1,25,226.06594390841838,10.0
1,1,0,0,1,1,0,25,72.2544252646657,1.0
1,1,1,1,1,12,0,29,196.9238975023973,11.0
0,0,0,0,1,6,0,28,246.0712380733781,5.0
0,1,1,0,1,1,0,20,33.70273308521405,1.0
0,1,0,0,1,1,0,34,203.1766727852991,1.0
1,1,0,1,0,1,0,30,31.32666952824742,1.0
0,1,1,1,1,12,1,33,68.09962226373958,9.0
0,1,1,1,1,1,0,33,212.25739535798863,1.0
0,1,0,0,1,1,0,28,476.4326553201213,1.0
1,1,1,0,1,6,0,30,242.81979251942025,6.0
1,0,0,0,1,1,0,26,91.58342634080348,1.0
1,1,0,0,1,12,0,33,117.82371712828676,12.0
1,0,1,0,1,1,0,31,105.154055397862,1.0
1,1,1,1,1,1,1,29,215.21915065207256,1.0
0,1,1,1,1,12,1,33,271.0027759305035,11.0
1,1,1,1,1,6,1,28,186.334133904902,6.0
0,1,1,1,1,12,1,29,329.9340576066378,12.0
1,1,0,0,1,1,1,28,246.2115526588095,1.0
0,1,0,0,1,1,1,36,151.82323311956424,1.0
0,1,1,1,1,12,1,34,16.607012176344,12.0
0,1,0,1,1,12,1,23,271.5255793571036,11.0
1,1,1,1,1,1,0,29,9.469088632041165,1.0
1,1,1,1,1,12,0,32,63.86604632561038,11.0
0,1,1,0,1,1,1,30,272.3779354391009,1.0
0,1,1,0,1,12,1,25,143.51199532894674,12.0
0,1,1,1,1,12,0,25,113.05840079725729,12.0
0,1,0,1,1,1,1,25,195.14038909556544,1.0
0,1,0,0,1,12,1,29,363.8613944195943,12.0
1,1,1,1,1,6,1,31,129.42183999189794,6.0
1,0,1,0,1,6,0,26,66.80376627406797,6.0
1,1,1,0,1,6,1,33,218.39771315752654,5.0
1,0,1,0,1,1,0,28,210.2992128271653,1.0
1,0,1,1,1,1,0,23,161.9033426402166,1.0
0,1,0,0,1,6,0,25,313.46882085109405,6.0
0,1,0,0,1,1,0,32,159.2267255415881,1.0
1,1,0,0,1,12,0,26,6.3730215689676015,12.0
1,0,1,0,1,6,0,30,185.558238630902,6.0
0,1,1,1,1,6,0,26,6.038435983615643,6.0
1,1,1,0,0,12,1,35,174.65439975952597,11.0
0,1,1,1,1,1,0,29,207.4647181165249,1.0
1,1,0,0,0,12,0,26,297.1624047907999,12.0
0,1,1,0,1,1,0,25,26.806748054953715,1.0
0,1,1,1,1,6,0,31,34.68236412494068,6.0
0,1,1,1,1,1,0,29,83.05682856664495,1.0
0,1,1,0,1,6,0,31,96.99148304935557,6.0
0,1,1,0,1,6,1,29,1.81774167510946,6.0
1,0,0,0,1,1,0,24,109.9659433743197,1.0
1,1,0,0,1,1,0,30,51.50590559598789,1.0
1,1,0,0,1,1,0,33,105.16118599716913,1.0
0,1,0,0,1,1,1,30,284.67775440555675,1.0
0,1,1,0,1,1,1,30,136.3721970522347,1.0
1,1,0,0,1,1,1,28,225.52894735720662,1.0
0,1,0,0,1,1,0,31,213.81615710456668,1.0
1,1,1,1,1,1,1,29,159.36188577328522,1.0
1,1,1,0,1,6,0,36,252.8564549039787,6.0
0,1,1,0,0,1,1,20,190.0740812821692,1.0
0,1,1,1,1,1,0,23,122.76556262715755,1.0
1,1,0,1,1,1,1,31,136.05228375480957,1.0
1,1,0,0,1,6,1,28,45.615418938966386,6.0
1,1,1,1,1,12,1,25,203.3508544774926,12.0
0,1,1,1,1,12,1,26,230.243479115324,10.0
0,1,1,1,0,6,1,31,8.256842466747372,5.0
1,1,1,1,1,12,0,24,126.40422568303823,10.0
0,1,1,1,0,1,1,26,103.81468566076916,1.0
0,1,0,0,1,12,0,28,112.79570178125988,11.0
1,1,0,0,1,1,1,30,181.09516988748265,1.0
0,1,0,1,0,1,1,33,175.1347212433519,1.0
0,1,1,1,1,12,1,31,56.87989785434846,9.0
1,1,1,1,1,12,0,31,170.01077527272795,11.0
0,1,1,1,1,1,1,35,144.9097386520961,1.0
0,1,0,1,1,1,0,35,100.99581135907572,1.0
0,1,0,0,1,6,0,23,224.4396361703711,6.0
1,1,0,0,1,6,0,25,155.13400658534218,6.0
1,1,0,0,1,1,0,25,40.200664260976744,1.0
0,1,1,1,1,12,1,27,162.21924506461966,12.0
0,1,0,0,0,1,1,28,96.07559943254248,1.0
1,1,0,0,1,1,1,25,56.104113757746106,1.0
0,0,1,1,1,1,0,31,140.1850287450275,1.0
0,0,0,0,1,6,1,33,75.1132070309704,6.0
0,1,0,0,1,6,0,30,217.25224052843294,6.0
0,1,1,1,0,1,0,30,44.314962084850436,1.0
1,1,1,1,1,1,1,33,162.01467220624193,1.0
1,0,0,0,1,1,0,35,186.93688104214482,1.0
0,0,1,0,1,6,0,30,24.620589027716235,5.0
1,1,1,1,1,12,0,31,284.1227327396685,11.0
0,1,1,1,1,6,1,26,158.35892321141986,6.0
1,1,0,0,1,12,1,27,90.72630335169208,12.0
1,1,0,1,1,12,1,33,97.53755182623276,12.0
1,0,0,0,1,12,0,28,351.6337919164846,12.0
1,1,0,0,1,1,0,26,153.2601541945045,1.0
1,1,0,0,1,6,1,31,61.49936612542719,6.0
0,1,1,1,1,6,0,26,145.14610871452442,6.0
1,0,1,0,1,1,0,27,127.67215166173555,1.0
1,1,1,1,1,1,0,27,234.83193616059845,1.0
1,1,0,0,1,1,0,25,128.58725174340694,1.0
1,1,1,1,1,12,1,33,42.635200625092565,12.0
0,0,1,0,1,6,0,30,85.82188753498224,6.0
1,1,0,0,1,1,1,32,184.7793438740406,1.0
0,1,0,0,1,1,1,31,145.1677921153934,1.0
0,1,0,0,1,1,1,28,434.5303324545514,1.0
1,1,1,0,1,1,0,31,74.74029824027613,1.0
0,1,1,0,1,12,0,30,176.3363948758738,8.0
1,1,1,1,1,6,0,28,341.22706403445693,6.0
0,1,0,0,1,12,1,23,209.1308658897616,10.0
0,1,1,1,1,1,0,26,219.6261450449739,1.0
0,1,1,1,1,6,0,32,247.0792367058776,6.0
0,1,0,0,1,1,1,28,233.40441566106145,1.0
0,1,0,1,1,12,0,28,122.97172688617277,12.0
0,1,0,0,1,1,0,30,136.2189635496585,1.0
0,1,0,0,1,1,0,27,223.39998201715144,1.0
0,1,0,0,1,12,0,29,204.7461386255205,12.0
1,0,1,0,1,1,0,26,198.36403969091802,1.0
1,1,0,0,0,1,0,25,91.18703201789623,1.0
1,1,1,0,1,6,1,27,72.34124939627056,6.0
1,1,0,0,1,1,1,26,148.43405221982957,1.0
1,1,1,0,1,1,0,32,149.969932310754,1.0
0,1,1,1,1,1,1,28,68.70262997431657,1.0
1,1,1,0,1,1,0,30,60.77256775103721,1.0
1,1,0,0,1,12,1,27,185.3798270617195,12.0
1,1,0,1,1,1,0,26,116.97384774433056,1.0
0,1,0,0,1,6,1,30,77.14634615889452,6.0
1,1,1,0,1,1,0,28,32.675114308451576,1.0
0,1,0,0,1,1,0,29,106.77783154917795,1.0
0,1,1,0,1,12,0,33,12.879439319078298,12.0
1,1,0,0,1,1,1,37,400.07504388879096,1.0
1,0,0,0,1,1,0,24,2.0398125910880083,1.0
1,0,1,1,1,1,0,24,141.09978646362924,1.0
0,0,1,0,1,6,1,31,83.38504665665523,6.0
1,1,0,0,1,1,0,28,69.5698502038769,1.0
0,1,0,0,1,1,0,29,365.711351420288,1.0
1,1,0,0,1,12,1,27,334.4726562273314,7.0
1,1,0,0,1,12,0,29,117.22340439766724,10.0
1,1,0,0,1,1,1,32,207.58317246058232,1.0
1,1,0,0,1,1,0,28,36.24329677378928,1.0
1,1,0,0,1,1,1,27,23.77663181020151,1.0
1,1,0,0,1,1,0,32,135.7567220684424,1.0
0,1,0,0,1,1,0,26,47.199104046527474,1.0
1,1,1,1,1,12,0,30,124.22886572895828,11.0
0,1,1,1,1,12,1,27,242.85441083159645,11.0
0,1,1,1,1,1,1,32,30.504659460998038,1.0
1,1,0,1,1,1,0,28,173.53447937566432,1.0
1,1,1,1,1,12,1,28,99.83755018916386,12.0
0,1,0,0,1,1,0,29,88.05093054549322,1.0
0,1,1,1,1,1,1,32,216.53099196763162,1.0
0,1,0,0,0,6,0,28,273.4658893686528,6.0
0,0,1,0,1,1,0,27,11.317388628210525,1.0
0,1,1,1,1,6,0,27,8.790507807167215,5.0
0,1,0,1,0,12,1,29,148.15396249389312,11.0
1,1,0,0,1,1,1,34,356.2089726515053,1.0
0,1,1,1,1,12,1,35,76.98991432893263,12.0
0,1,1,1,1,1,0,25,112.66901705544943,1.0
0,0,0,0,1,6,1,30,159.7082480456553,6.0
1,1,0,0,1,6,0,29,79.61444772391809,6.0
1,1,0,0,1,1,0,23,326.2912089012649,1.0
1,1,0,0,0,1,0,29,222.98092699790368,1.0
0,1,1,0,1,6,1,27,35.42584524282299,6.0
1,1,1,1,1,1,0,31,126.42352423881832,1.0
1,0,1,0,1,1,0,26,51.178821926604826,1.0
1,1,0,0,1,1,1,27,300.1783465739506,1.0
0,1,0,0,0,1,0,28,108.79864840364037,1.0
0,0,1,0,1,12,0,27,274.07073587217343,11.0
0,1,0,0,0,1,0,30,118.20225892857636,1.0
1,1,1,0,0,12,1,29,214.71837327730384,12.0
0,1,0,0,1,1,1,30,142.63128769902087,1.0
0,1,0,1,1,6,0,31,91.2169229758522,5.0
0,1,0,0,1,1,0,33,60.202736613653634,1.0
0,0,0,0,1,1,0,31,196.14607823495186,1.0
0,1,0,0,1,1,0,30,175.8806056540907,1.0
0,1,1,0,1,12,0,28,41.220505070255705,12.0
0,1,1,0,1,12,1,30,181.1564569876561,12.0
0,1,1,0,1,1,0,35,236.6614742090576,1.0
1,1,0,0,1,1,1,33,33.45913033372241,1.0
0,1,0,0,1,1,0,29,60.88597746920245,1.0
1,1,1,1,1,1,0,29,0.3621530981063579,1.0
1,1,0,0,1,12,1,33,127.24537784103764,12.0
0,1,1,0,1,12,0,33,166.60490109080285,12.0
1,1,0,0,1,1,0,28,218.9793210101596,1.0
1,1,0,1,1,1,0,20,274.3483506713299,1.0
1,0,1,0,1,12,0,34,120.18333187582388,11.0
1,1,0,0,1,1,1,31,60.11956220815193,1.0
1,0,0,0,1,1,1,29,76.52833053094884,1.0
0,1,0,0,1,12,0,23,149.70677913223082,12.0
0,1,1,0,1,12,1,31,136.7500381458801,12.0
1,1,0,0,1,1,0,27,62.8018705614254,1.0
1,0,1,0,1,1,0,33,134.4534177677098,1.0
0,1,0,0,1,6,0,32,60.10700656781641,3.0
1,1,0,0,1,1,1,25,67.54339095080279,1.0
0,1,0,0,1,1,0,24,97.0047886835096,1.0
1,1,0,0,1,1,0,28,162.3447885050194,1.0
0,0,1,0,1,6,0,25,60.71392668980903,6.0
0,1,1,0,1,1,0,34,52.73343816803806,1.0
0,1,1,0,1,1,0,36,336.7510851222013,1.0
1,1,1,0,1,6,0,32,18.50820802355298,6.0
0,1,1,0,1,6,0,34,242.93877264782373,6.0
1,1,1,1,1,6,0,25,30.05628296593905,6.0
1,1,1,0,1,1,0,24,82.89381613604027,1.0
0,1,1,1,1,1,0,32,320.22660390645126,1.0
1,1,0,0,1,12,1,26,129.4116502426639,12.0
1,1,0,0,1,1,0,29,81.78368532117129,1.0
0,0,0,0,1,1,0,33,226.66119583138538,1.0
0,1,1,1,1,6,0,29,273.50845086735444,6.0
0,0,1,0,1,6,0,31,293.85146551824766,6.0
1,1,0,0,1,1,0,37,247.9638293813684,1.0
1,1,1,1,1,6,1,29,133.97552399615444,6.0
0,1,0,0,1,1,0,32,215.3953377061472,1.0
0,1,1,1,1,12,1,30,256.57689864872896,9.0
1,1,0,0,1,12,1,27,241.61186695532717,12.0
0,1,0,0,1,12,1,27,352.6913514133232,12.0
1,1,0,0,1,1,1,35,76.35621577434405,1.0
0,1,1,1,1,12,1,31,166.22082868938205,4.0
1,1,0,0,1,12,1,29,39.39745457621515,11.0
1,1,0,0,1,1,0,31,149.02020254276212,1.0
0,1,0,0,1,1,0,28,26.769980661123647,1.0
1,1,0,1,1,1,1,32,83.80809570721925,1.0
1,1,1,1,1,12,1,31,143.42302668106737,9.0
0,1,1,0,1,1,0,31,157.22464472363183,1.0
0,1,1,1,1,6,1,32,230.4929193390112,6.0
1,1,0,0,1,1,0,29,51.12015301163513,1.0
1,1,0,0,1,6,1,32,115.75424298991041,6.0
1,1,1,1,1,12,0,30,234.65134152261246,10.0
0,1,0,1,0,1,0,30,101.58777941315051,1.0
0,1,0,0,1,1,0,31,26.519392036437512,1.0
1,1,1,1,1,12,0,31,193.26394157621812,11.0
1,1,0,0,1,1,0,34,215.7882885847871,1.0
0,1,1,1,1,6,1,30,147.91791533105504,6.0
0,0,1,0,1,6,1,29,90.87621999546288,6.0
0,1,0,0,1,12,1,28,106.90594462868471,8.0
1,1,0,0,1,1,0,29,50.38736954390106,1.0
0,1,0,0,1,1,0,25,178.59872698371242,1.0
1,1,0,1,1,1,1,36,172.74230275005797,1.0
0,1,1,1,1,12,0,31,58.462424494269825,11.0
0,1,1,1,1,1,0,31,40.98716320990478,1.0
1,1,0,0,1,6,1,28,156.90784222392753,5.0
1,1,1,1,1,12,0,31,115.73552304187807,11.0
1,1,0,0,1,1,1,30,352.1114667800297,1.0
0,1,0,0,1,12,1,35,178.79730690797925,9.0
0,1,1,1,1,12,0,31,78.27333857851222,9.0
0,1,1,0,1,1,0,29,275.6548794867922,1.0
0,0,0,0,1,1,1,25,120.34990748211409,1.0
0,1,1,1,1,1,0,30,21.543853910491535,1.0
1,1,0,0,1,1,0,27,48.959142793110246,1.0
0,1,1,0,1,12,0,32,7.231454178084108,12.0
0,1,1,0,1,1,1,27,151.8482204175413,1.0
1,1,0,0,1,1,0,27,308.87606242253537,1.0
1,1,1,0,1,12,1,30,4.774297407951039,12.0
1,1,1,0,1,1,1,29,143.80779542573657,1.0
0,1,1,0,1,6,0,25,9.992834824755963,5.0
1,1,1,1,1,12,0,25,228.04075987821324,10.0
1,1,1,1,1,12,1,38,37.3715913421149,9.0
1,0,1,0,1,1,0,30,119.86716365479359,1.0
1,1,1,1,1,12,1,35,43.53476353898952,12.0
1,1,0,1,1,6,1,32,169.9852483119726,6.0
0,1,0,0,1,1,1,26,334.4948731619128,1.0
1,1,1,1,1,6,0,24,20.977590030783123,6.0
1,1,1,1,1,12,1,28,184.95496123983705,12.0
1,0,0,0,1,1,0,33,197.08956629009566,1.0
1,1,0,0,1,1,1,29,48.34531006939388,1.0
0,1,0,0,1,1,1,24,43.96998860256199,1.0
1,1,1,1,1,1,1,34,71.54279786512949,1.0
0,1,1,0,1,1,0,27,91.1787201935725,1.0
0,1,0,0,1,1,1,30,169.01137084506274,1.0
0,1,0,0,1,1,1,33,336.2258693715655,1.0
1,1,0,1,1,6,0,28,284.04666490830095,6.0
0,1,1,0,1,12,0,21,170.05296906793228,12.0
1,1,0,0,1,1,0,26,290.2489636475188,1.0
1,1,1,1,1,12,1,31,173.5511302976902,5.0
1,0,0,0,1,1,1,31,534.2561818694521,1.0
1,1,1,0,1,1,0,26,92.67190306702032,1.0
1,1,1,0,0,6,0,31,141.16015316800176,6.0
1,1,1,1,1,6,1,30,187.83206176998414,6.0
0,1,0,0,1,1,0,25,168.31359762674924,1.0
1,1,1,1,1,1,0,36,210.0790247156144,1.0
0,0,1,0,1,6,0,28,128.57894136495872,6.0
0,1,0,0,1,12,0,26,41.4372718797149,6.0
1,1,0,0,1,1,0,35,203.63778436292662,1.0
0,1,1,1,0,12,0,27,260.6426671024405,12.0
1,0,0,0,1,1,1,31,52.25241656649904,1.0
1,1,1,0,1,1,1,33,149.92265198249467,1.0
1,1,1,1,1,6,1,30,252.5022066742038,6.0
0,1,1,1,1,6,1,35,384.40920282059614,6.0
0,1,1,1,1,1,0,29,216.6928323270664,1.0
0,1,0,0,1,12,0,31,147.36510432589472,12.0
0,1,1,1,1,1,1,29,37.958713834695104,1.0
0,1,1,1,1,1,0,29,311.1339598335244,1.0
1,1,1,1,1,6,0,30,29.49392247232273,6.0
0,1,0,1,1,1,1,31,314.00229784570683,1.0
0,1,1,1,1,12,0,33,237.37653218894408,12.0
1,1,1,0,1,1,0,31,176.67330033160272,1.0
0,1,0,0,1,1,1,27,89.73072961434883,1.0
1,1,1,0,1,12,0,33,170.9885087875038,12.0
0,0,0,0,1,1,0,30,35.68910373061878,1.0
1,1,1,0,1,12,0,33,3.351133579333564,11.0
1,1,0,0,1,1,0,28,32.029892399865886,1.0
1,1,0,0,1,6,1,30,212.5601275351078,6.0
0,0,0,0,1,1,0,25,194.2244204893001,1.0
0,0,1,0,1,1,0,28,350.2309668405017,1.0
1,1,0,0,1,1,0,25,88.34965489665136,1.0
1,1,1,0,1,1,1,29,245.50258275904548,1.0
0,1,1,1,1,12,1,30,41.404023304064296,10.0
0,1,0,0,1,1,1,22,64.20313115994179,1.0
0,1,1,1,1,12,0,29,124.62951700988316,10.0
1,1,0,1,1,1,0,27,57.16470387904282,1.0
1,1,1,0,1,12,1,34,177.3318866957959,2.0
0,0,1,0,1,1,0,30,265.0723355455302,1.0
0,1,1,0,1,6,0,26,81.82808294157567,6.0
1,0,0,0,1,1,1,28,210.9343620958154,1.0
1,1,1,0,1,1,1,32,238.7294425929849,1.0
0,1,1,1,0,12,1,29,139.46263197080054,12.0
1,0,0,0,0,1,0,34,70.75214884028384,1.0
1,0,1,0,1,1,0,27,38.079166621062974,1.0
0,1,1,1,1,12,1,29,68.82402801918195,12.0
0,0,0,0,1,6,0,33,145.26880126508846,6.0
1,0,0,0,1,12,0,29,74.39221083118746,8.0
1,1,0,1,0,6,0,36,25.1822023282986,5.0
0,1,1,1,1,12,1,29,108.07113961218985,12.0
1,1,1,1,1,12,0,28,5.219340515827781,10.0
0,1,0,0,1,6,1,30,206.42179117738118,6.0
1,1,1,1,1,1,1,27,143.45398646710203,1.0
1,1,0,0,1,12,1,27,256.6437292721175,9.0
1,1,1,1,1,12,1,24,398.39514986912553,12.0
1,0,1,1,1,6,0,31,305.4336349791938,6.0
0,1,0,0,1,1,0,25,100.80647082971822,1.0
1,1,1,1,1,12,0,28,64.6429133059742,12.0
1,1,1,1,1,6,0,31,104.26664820081716,4.0
1,1,1,1,1,6,1,32,247.39626964490293,5.0
1,1,0,0,0,12,1,36,172.28392993362868,10.0
1,1,0,0,1,12,1,24,207.6111697092712,11.0
1,1,0,0,1,1,0,26,67.91361202217685,1.0
0,1,0,0,1,1,0,29,9.569326533618124,1.0
1,1,0,0,1,6,0,28,143.34347847948953,6.0
1,1,1,0,0,1,1,27,157.1239211794612,1.0
1,1,1,1,1,1,0,29,126.02301396024868,1.0
1,1,1,0,1,6,0,29,41.18542875709708,6.0
0,1,0,0,1,1,0,34,8.739327193274526,1.0
1,0,0,0,1,1,1,25,297.17525410701745,1.0
1,1,0,0,1,1,0,22,36.42945536862858,1.0
0,1,1,1,1,12,1,30,429.4690753300995,12.0
0,1,0,0,0,1,1,24,85.76724843702486,1.0
0,1,1,1,0,1,0,31,127.80173239259555,1.0
1,1,1,1,0,12,1,33,103.22677898351152,11.0
0,0,0,0,1,1,0,30,102.34100476285653,1.0
1,1,1,0,1,1,0,29,2.3733692624797555,1.0
0,1,0,0,1,12,0,27,241.8388734114339,9.0
0,1,0,0,1,1,1,27,142.8420796884096,1.0
1,1,0,0,1,12,1,33,203.25753965952987,12.0
1,1,0,0,1,1,1,31,273.51656061524966,1.0
0,1,1,0,1,1,1,34,92.43200584140943,1.0
0,1,0,0,1,1,1,25,143.63329782701388,1.0
0,1,1,0,1,1,0,26,61.51816695249109,1.0
1,1,0,0,1,1,0,26,0.682228209858522,1.0
1,1,1,1,1,12,0,31,202.98928247042744,12.0
0,1,0,0,1,1,0,28,245.42345253470108,1.0
1,0,0,0,1,1,0,28,0.9722496017189286,1.0
1,1,1,0,1,6,0,26,187.86367891444584,2.0
1,0,1,0,1,1,0,23,80.80762571230339,1.0
0,1,0,0,1,1,0,31,142.16804942496768,1.0
1,1,1,1,1,12,0,26,85.32573271538796,3.0
1,1,1,1,1,6,1,35,181.8877308210831,6.0
0,1,1,1,1,12,0,26,165.87698135064218,11.0
1,1,1,0,1,1,0,26,429.15177856885714,1.0
0,1,0,0,1,1,0,25,76.8821994811172,1.0
1,1,0,1,1,12,1,32,18.12477837943948,12.0
1,1,0,0,1,1,1,30,21.152365712574166,1.0
0,1,1,0,1,1,0,26,139.21145185770604,1.0
1,1,1,1,1,12,0,32,118.22178309048375,11.0
1,1,1,0,1,12,0,30,114.26082001954559,12.0
0,0,1,0,1,1,0,30,165.61685791308986,1.0
0,1,0,0,1,1,0,26,25.753209386323558,1.0
0,0,0,0,1,1,1,32,169.59923291226568,1.0
0,0,1,0,1,12,1,32,150.83580617052198,10.0
1,1,0,0,1,6,0,26,156.01458133679046,6.0
1,0,1,0,1,1,0,32,88.58310610323385,1.0
1,1,1,1,1,12,1,32,144.75187869057746,12.0
1,1,0,0,0,1,0,30,193.74897670785447,1.0
1,1,1,1,1,12,0,29,103.04803191413698,11.0
1,1,0,0,1,1,0,21,232.30653858440482,1.0
1,1,1,0,1,6,0,34,138.62677849765936,5.0
0,1,0,0,1,1,1,31,210.3011779284616,1.0
0,1,0,0,1,6,1,24,134.76619298803806,6.0
1,1,1,1,1,12,1,29,194.3831646796184,8.0
1,1,0,0,1,1,1,34,148.5793841010333,1.0
0,1,1,0,0,1,0,30,122.23860731431296,1.0
1,1,1,0,1,1,1,30,74.89771991136227,1.0
1,1,0,1,1,1,1,28,65.55278338485238,1.0
1,1,1,0,0,12,0,33,205.4966105087761,12.0
0,0,0,0,1,1,1,23,124.32349034275556,1.0
0,1,1,0,1,12,1,33,258.76669735336486,6.0
1,1,1,0,1,12,1,27,83.58216533095649,11.0
0,1,0,1,1,1,0,25,162.84564999270182,1.0
0,1,0,0,1,1,0,32,133.2654605764576,1.0
1,1,1,0,1,1,0,32,131.40536342234532,1.0
1,1,1,1,0,1,0,31,91.41000560129072,1.0
1,0,0,0,1,1,0,31,9.593523668029027,1.0
0,1,0,0,1,1,0,33,97.36412101310681,1.0
1,1,1,0,1,6,1,28,227.76714616824088,6.0
0,1,1,1,1,6,1,30,50.87450732311054,6.0
0,1,0,0,1,12,1,27,15.558585818173215,12.0
1,1,1,1,1,12,1,27,1.024875778616746,10.0
1,1,1,0,1,6,1,32,69.97022194936274,6.0
1,1,0,0,1,1,0,34,40.585638724135926,1.0
1,1,0,0,1,6,1,28,49.93936853811013,6.0
0,1,1,0,1,6,0,32,192.38527890222957,6.0
0,1,1,1,1,6,0,33,287.4646513071305,6.0
1,1,1,1,0,6,0,33,25.727897762356076,5.0
0,1,1,1,1,1,0,30,196.076021426716,1.0
0,1,0,0,1,6,0,29,112.15477486669329,6.0
0,1,0,0,0,1,0,27,13.091703600934634,1.0
1,1,0,0,1,1,0,31,194.39002343084078,1.0
0,0,1,1,1,1,1,27,381.7887330780626,1.0
0,1,0,0,1,1,0,28,468.20535976796094,1.0
0,0,0,0,1,6,0,28,51.63458871769427,6.0
1,1,0,0,1,6,1,39,140.82926998870218,6.0
0,1,0,0,1,1,0,31,139.66526582851327,1.0
0,1,0,1,0,1,0,30,43.59149700347096,1.0
0,0,1,0,1,1,0,29,255.90537498026126,1.0
0,1,1,1,0,6,1,29,272.62242724902745,6.0
1,0,1,0,1,1,0,27,146.38370559564785,1.0
0,1,0,0,1,1,1,25,128.86519647898524,1.0
1,1,0,0,1,1,1,30,207.61679547179557,1.0
0,1,1,0,1,12,1,29,79.70814219717711,6.0
0,0,1,0,1,1,1,33,412.60884842815534,1.0
0,0,1,0,1,1,1,29,33.06134638921007,1.0
1,1,0,0,1,6,0,28,115.77454029190906,6.0
0,1,0,0,1,1,1,34,400.00476021901534,1.0
1,0,1,0,1,1,0,27,8.000713840778246,1.0
1,1,1,1,1,12,0,30,1.5001163814980532,12.0
0,1,0,0,1,6,0,26,81.23249556738341,6.0
1,1,1,0,1,1,0,28,14.7382813514659,1.0
1,1,0,1,1,1,1,32,5.927021444210683,1.0
1,0,1,1,1,1,0,29,224.0996624281296,1.0
0,1,0,0,1,1,0,32,178.56761472566342,1.0
0,1,0,0,1,1,1,25,45.80926187268282,1.0
0,1,0,0,1,1,0,34,219.67141459856202,1.0
1,1,0,0,1,1,0,30,86.98780289504877,1.0
1,1,0,0,1,12,1,27,161.2922812884629,12.0
1,1,1,1,1,6,1,34,253.8153680221585,5.0
0,1,0,0,1,6,0,30,147.1258836578668,6.0
0,1,1,1,1,1,1,30,64.45272484316074,1.0
1,1,0,0,1,1,0,27,60.63624323322423,1.0
1,1,1,0,1,12,1,32,49.75736833690525,8.0
1,1,0,0,1,1,1,30,136.73246787619814,1.0
0,0,0,0,1,1,0,28,123.86940960693754,1.0
0,1,0,0,1,1,0,23,261.14304634061244,1.0
1,1,0,0,1,1,0,28,104.47232718759399,1.0
1,1,0,0,1,1,0,29,93.81709154986777,1.0
1,1,0,0,1,1,0,32,267.99236703718947,1.0
1,1,0,0,1,6,1,31,195.0763030622758,6.0
1,1,0,0,0,1,1,28,68.13645554011535,1.0
1,1,0,0,1,12,1,31,105.64766231760349,12.0
1,1,0,0,1,1,0,24,135.3957116214682,1.0
1,1,0,1,1,1,1,31,44.68595140160929,1.0
1,1,0,0,1,6,1,22,101.10754412192864,6.0
0,1,1,1,1,12,1,29,13.328842846511975,9.0
0,1,1,1,1,1,1,34,226.80484478207103,1.0
1,1,1,0,1,6,0,33,113.38342139903082,6.0
0,1,0,0,1,12,1,25,33.11852870236497,12.0
0,1,1,0,1,6,1,30,172.68329443707637,5.0
1,0,1,0,1,12,0,33,31.77114703343993,8.0
1,0,1,0,1,6,0,33,69.30126955123839,6.0
0,1,1,1,1,12,0,31,223.1024484793248,8.0
0,1,1,0,1,1,0,33,231.7786277732758,1.0
1,1,0,0,1,1,0,26,31.066720662788924,1.0
1,1,1,0,1,12,0,33,2.406023033473062,12.0
0,1,0,0,1,1,1,29,68.88376396482825,1.0
1,1,1,1,1,12,0,28,78.25054157456312,11.0
0,1,1,1,1,6,0,32,61.91265691299797,5.0
1,0,1,0,0,12,1,30,178.86181361265054,12.0
